ID,weiboID,userID,content,postTime,datatime,weibourl,all_repost_num,repost_num,floor
184,1,人民日报, #中国一点都不能少#这才是中国，一点都不能少。 ,7月11日 08:18,2016/8/19 星期五 下午 2:27:25,http://weibo.com/2803301701/DEgxNwT8g,93238,29,1
185,2,杨洋icon,一点都不能少,2016-07-12 16:00,2016/8/19 星期五 下午 2:28:10,http://weibo.com/1815418641/DEt0a4dgO,0,0,2
186,3,胡歌,“有国才有家” 一点不少！ 寸土不让！,2016-07-12 21:36,2016/8/19 星期五 下午 2:28:10,http://weibo.com/1223178222/DEvcdb0jS,235770,12,2
187,4,宋茜,这才是中国，一点都不能少。,2016-07-12 17:25,2016/8/19 星期五 下午 2:28:10,http://weibo.com/2902408801/DEtyv5X1d,111046,11,2
188,5,Johnny黄景瑜,,2016-07-12 20:16,2016/8/19 星期五 下午 2:28:10,http://weibo.com/1989519725/DEuFQxZfI,129808,16,2
189,6,王凯kkw,一点都不能少！,2016-07-12 21:44,2016/8/19 星期五 下午 2:28:10,http://weibo.com/1278089051/DEvfvr6L4,68706,15,2
190,7,Dear-迪丽热巴,中国，一点都不能少，一寸都不会让。,2016-07-12 21:31,2016/8/19 星期五 下午 2:28:10,http://weibo.com/1669879400/DEvaoAP08,20978,14,2
191,8,黄渤,这才是中国，一点都不能少。,2016-07-12 19:49,2016/8/19 星期五 下午 2:28:10,http://weibo.com/1263498570/DEuv8jexk,30375,15,2
192,9,李晨,,2016-07-12 16:08,2016/8/19 星期五 下午 2:28:10,http://weibo.com/1259193624/DEt3eDQeK,23512,12,2
193,10,馬天宇,#中国一点都不能少#,2016-07-12 17:53,2016/8/19 星期五 下午 2:28:10,http://weibo.com/1234692083/DEtJVFbwn,52932,13,2
194,11,许魏洲ZZ,一点也不能少！,2016-07-12 18:59,2016/8/19 星期五 下午 2:28:10,http://weibo.com/1797270765/DEuaIo6hK,69699,17,2
195,12,柒月64113,//@演员王迅:#中国一点都不能少#这才是中国，一点都不能少。,2016-08-19 14:21,2016/8/19 星期五 下午 2:28:10,http://weibo.com/5994574870/E4h8plpRY,0,0,2
196,13,傅豪乐园_395,中国加油//@张振宇:一点都不能少！一寸都不会让！,2016-08-19 14:11,2016/8/19 星期五 下午 2:28:10,http://weibo.com/2300808012/E4h4t1bzb,0,0,2
197,14,約翰泰迪,#中国一點都不能少,2016-08-19 13:57,2016/8/19 星期五 下午 2:28:10,http://weibo.com/2619608063/E4gYICfJh,0,0,2
198,15,朕认识你么,//@粉丝红包:,2016-08-19 13:56,2016/8/19 星期五 下午 2:28:10,http://weibo.com/1904751784/E4gY1tBxs,0,0,2
199,16,love卢劲涛,转发微博,2016-08-19 13:50,2016/8/19 星期五 下午 2:28:10,http://weibo.com/3044924750/E4gVD8Sbv,0,0,2
200,17,熙琳Angel,? //@粉丝红包:,2016-08-19 13:40,2016/8/19 星期五 下午 2:28:10,http://weibo.com/3213720801/E4gRS2rO2,0,0,2
201,18,哥哥迪达拉,转发微博,2016-08-19 13:30,2016/8/19 星期五 下午 2:28:10,http://weibo.com/2808771900/E4gNH6lLH,0,0,2
202,19,朕是喵姐,转发微博,2016-08-19 13:30,2016/8/19 星期五 下午 2:28:10,http://weibo.com/5958563268/E4gNCF4jt,0,0,2
203,20,楚河大军1994,//@范冰冰:这才是中国，一点都不能少。,2016-08-19 13:19,2016/8/19 星期五 下午 2:28:10,http://weibo.com/5560972376/E4gJd4ZoI,0,0,2
204,21,天使真飞鸟,转发微博,2016-08-19 13:14,2016/8/19 星期五 下午 2:28:10,http://weibo.com/2789734430/E4gH98sa8,0,0,2
205,22,用户5988544770,//@朴智妍木枍:一点都不能少,2016-08-19 13:06,2016/8/19 星期五 下午 2:28:10,http://weibo.com/5988544770/E4gDLzkfV,0,0,2
206,23,王蒙大姑娘,转发微博,2016-08-19 12:51,2016/8/19 星期五 下午 2:28:10,http://weibo.com/3044569674/E4gxLyF3s,0,0,2
207,24,因浪,//@张振宇:一点都不能少！一寸都不会让！,2016-08-19 12:50,2016/8/19 星期五 下午 2:28:10,http://weibo.com/1943749095/E4gxn7x5K,0,0,2
208,25,用户6004981539,//@用户6004981539:一点都不能少。,2016-08-19 12:47,2016/8/19 星期五 下午 2:28:10,http://weibo.com/6004981539/E4gwbvhYa,0,0,2
209,26,用户5737766793,一点儿也不能少！这才是中国！ //@张馨予:,2016-08-19 12:44,2016/8/19 星期五 下午 2:28:10,http://weibo.com/5737766793/E4gv7j9Wu,0,0,2
210,27,用户6004981539,一点都不能少。,2016-08-19 12:41,2016/8/19 星期五 下午 2:28:10,http://weibo.com/6004981539/E4gtSu9Gn,0,0,2
211,28,MC-寒小东,我发现宝强跟黄渤长得一样,2016-08-19 12:34,2016/8/19 星期五 下午 2:28:10,http://weibo.com/5656460107/E4gqQyD8q,0,0,2
212,29,毒霸壹颗,//@粉丝红包: ,2016-08-19 12:31,2016/8/19 星期五 下午 2:28:10,http://weibo.com/5719823538/E4gpzElfr,0,0,2
213,30,吴艳萍RO,//@张云龙mmc:#中国一点都不能少#,2016-08-19 12:26,2016/8/19 星期五 下午 2:28:10,http://weibo.com/5712784544/E4gnG5sqr,0,0,2
214,31,Maye徐,必须不能少//@包贝尔:这才是中国，一点都不能少。,2016-08-19 12:21,2016/8/19 星期五 下午 2:28:10,http://weibo.com/3319583115/E4glvfZVB,0,0,2
215,32,花于骨,#中国一点都不能少#寸土不让//@胡歌:“有国才有家” 一点不少！ 寸土不让！,2016-07-12 22:02,2016/8/19 星期五 下午 2:29:26,http://weibo.com/5070467988/DEvn0eYec,0,0,3
216,33,萌猫图图,支持 //@胡歌:“有国才有家” 一点不少！ 寸土不让！,2016-07-12 22:10,2016/8/19 星期五 下午 2:29:27,http://weibo.com/5754764111/DEvq5F1Og,10003,13,3
217,34,胡歌数据组,#中国一点都不能少# 一点不少，寸土不让！//@胡歌:“有国才有家” 一点不少！ 寸土不让！,2016-07-12 21:42,2016/8/19 星期五 下午 2:29:27,http://weibo.com/3193064712/DEveSquu9,13599,13,3
218,35,胡歌爱吃的牛油果_帝王椒,#中国一点都不能少# 中国领土神圣不可侵犯寸土必争！//@胡歌:“有国才有家” 一点不少！ 寸土不让！,2016-07-12 22:17,2016/8/19 星期五 下午 2:29:27,http://weibo.com/5730556384/DEvt6taN4,0,0,3
219,36,蓝蓝花,#中国一点都不能少# 你演过林觉民，演过戴涛，演过明台，你最知道有国才有家～爱我中华，无论过去、现在，还是将来～//@胡歌:“有国才有家” 一点不少！ 寸土不让！,2016-07-12 22:18,2016/8/19 星期五 下午 2:29:27,http://weibo.com/1063578244/DEvtu3d8B,0,0,3
220,37,云起在守候, #中国一点也不能少# 国家主权，不容侵犯。中国 ，一点也不能少，一寸也不会让 ??犯我中华者，虽远必诛  ！#胡歌# @胡歌 //@胡歌:“有国才有家” 一点不少！ 寸土不让！,2016-07-12 21:43,2016/8/19 星期五 下午 2:29:27,http://weibo.com/1680774341/DEvf4bqzq,0,0,3
221,38,maomao爱猫猫,#中国一点都不能少#有国才有家！//@胡歌:“有国才有家” 一点不少！ 寸土不让！,2016-07-12 21:44,2016/8/19 星期五 下午 2:29:27,http://weibo.com/3061746197/DEvfLjGz9,0,0,3
222,39,林儿不发财天理难容,#中国一点都不能少#//@胡歌:“有国才有家” 一点不少！ 寸土不让！,2016-07-13 06:09,2016/8/19 星期五 下午 2:29:27,http://weibo.com/5920295577/DEyyIqWpA,0,0,3
223,40,凤饮醴泉iHugh,是的 寸土不能少犯我中华者 虽远必诛//@胡歌:“有国才有家” 一点不少！ 寸土不让！,2016-07-12 21:40,2016/8/19 星期五 下午 2:29:27,http://weibo.com/5772762316/DEvdSFtSV,0,0,3
224,41,胡歌贴吧官方微博,#中国一点都不能少#//@胡歌:“有国才有家” 一点不少！ 寸土不让！,2016-07-12 21:48,2016/8/19 星期五 下午 2:29:27,http://weibo.com/1946344692/DEvh6pvZ2,0,0,3
225,42,胡歌家的小猫咪,//@彭志豪:#胡歌无可取代，古月与你同在# 皮之不存，毛将焉附。//@古月哥欠-胡歌官网: #中国一点都不能少#  //@胡歌:“有国才有家” 一点不少！ 寸土不让！,2016-08-19 12:04,2016/8/19 星期五 下午 2:29:27,http://weibo.com/5799641337/E4geGpwwy,0,0,3
226,43,郭春燕,“金鹰奖”观众喜爱的男演员“胡歌编号31”每个手机号只能投一次.可借用亲戚朋友手机号多投！O网页链接,2016-08-19 10:27,2016/8/19 星期五 下午 2:29:27,http://weibo.com/1681325661/E4fBxggjZ,0,0,3
227,44,宋茜日宣小组,#中国一点都不能少#这才是中国，一点都不能少。??//@宋茜:这才是中国，一点都不能少。,2016-07-12 17:26,2016/8/19 星期五 下午 2:30:13,http://weibo.com/3868084598/DEtyYFr3o,0,0,3
228,45,宋茜吧_VictoriaBar,中国一点都不能少，该是我们的，寸土必保！//@宋茜: 这才是中国，一点都不能少。,2016-07-12 17:36,2016/8/19 星期五 下午 2:30:13,http://weibo.com/1793655944/DEtCSq6bm,0,0,3
229,46,宋茜工作室,这才是中国，一点都不能少 //@宋茜:这才是中国，一点都不能少。,2016-07-12 18:03,2016/8/19 星期五 下午 2:30:13,http://weibo.com/5732554220/DEtO3yylW,0,0,3
230,47,送阳光V,#中国一点都不能少#//@宋茜:这才是中国，一点都不能少。,2016-07-12 17:47,2016/8/19 星期五 下午 2:30:13,http://weibo.com/2774149877/DEtHijZMS,0,0,3
231,48,浅水小鱼2222,#中国一点都不能少#//@宋茜:这才是中国，一点都不能少。,2016-07-12 18:05,2016/8/19 星期五 下午 2:30:13,http://weibo.com/5180611109/DEtOHwNfP,0,0,3
232,49,我有一个梨丶,这才是中国，一点都不能少。 //@宋茜:这才是中国，一点都不能少。,2016-07-12 19:47,2016/8/19 星期五 下午 2:30:13,http://weibo.com/2254275844/DEuujpebe,0,0,3
233,50,朝宋Storia,//@宋茜:这才是中国，一点都不能少。,2016-07-12 21:32,2016/8/19 星期五 下午 2:30:13,http://weibo.com/2613617105/DEvaIFHb1,0,0,3
234,51,欧丽琼94,“不是中国的，一份不要；该是我们的，寸土必保！”#中国一点都不能少#//@宋茜: 这才是中国，一点都不能少。,2016-07-12 17:34,2016/8/19 星期五 下午 2:30:13,http://weibo.com/1993956243/DEtBYhiPg,0,0,3
235,52,宋小王子coriander,一点都不能少 //@宋茜:这才是中国，一点都不能少。,2016-07-12 17:27,2016/8/19 星期五 下午 2:30:13,http://weibo.com/2856002384/DEtzfxFDH,0,0,3
236,53,狮心蜂香菜君,我是中国人，来生还做种花人//@宋茜:这才是中国，一点都不能少。,2016-07-12 17:47,2016/8/19 星期五 下午 2:30:13,http://weibo.com/3211269111/DEtHv2y6D,0,0,3
237,54,love卢劲涛,转发微博,2016-08-19 13:50,2016/8/19 星期五 下午 2:30:13,http://weibo.com/3044924750/E4gVD8Sbv,0,0,3
238,55,黄景瑜工作室2016, //@Johnny黄景瑜:,2016-07-12 20:18,2016/8/19 星期五 下午 2:32:07,http://weibo.com/5941634924/DEuGDgUbg,0,0,3
239,56,放逐遗失, //@Johnny黄景瑜:,2016-07-12 20:27,2016/8/19 星期五 下午 2:32:07,http://weibo.com/3885913484/DEuKroo3p,0,0,3
240,57,黄景瑜打投净化站, //@Johnny黄景瑜:,2016-07-12 20:18,2016/8/19 星期五 下午 2:32:07,http://weibo.com/5871778818/DEuGA51rJ,0,0,3
241,58,想见黄景瑜的猪猪, //@Johnny黄景瑜:,2016-07-12 20:26,2016/8/19 星期五 下午 2:32:07,http://weibo.com/2336675327/DEuJR3Tl8,0,0,3
242,59,我才不喜欢黄景瑜呢,#中国一点都不能少# 一点都不能少！  //@Johnny黄景瑜:,2016-07-12 20:20,2016/8/19 星期五 下午 2:32:07,http://weibo.com/5163191365/DEuHqlRT7,0,0,3
243,60,不备酒歌,#黄景瑜# 爱国少年从来都是正能量满满@Johnny黄景瑜 //@Johnny黄景瑜:,2016-07-12 20:27,2016/8/19 星期五 下午 2:32:07,http://weibo.com/5848281379/DEuKci4az,0,0,3
244,61,Johnny黄景瑜全球粉丝后援会,黄景瑜???查看图片 //@Johnny黄景瑜:,2016-07-12 20:44,2016/8/19 星期五 下午 2:32:07,http://weibo.com/5869403474/DEuRcqzue,0,0,3
245,62,liebe禾木, 我爱中国??中国一点都不能少//@Johnny黄景瑜:,2016-07-12 20:27,2016/8/19 星期五 下午 2:32:07,http://weibo.com/3192807870/DEuKixTgI,0,0,3
246,63,A面B面-刘铮, //@Johnny黄景瑜:,2016-07-12 20:17,2016/8/19 星期五 下午 2:32:07,http://weibo.com/1871680787/DEuGf1Bw7,0,0,3
247,64,黄景瑜的团团君, //@Johnny黄景瑜:,2016-07-12 20:25,2016/8/19 星期五 下午 2:32:07,http://weibo.com/5951418790/DEuJCA6V3,0,0,3
248,65,用户5671918370,//@Johnny黄景瑜:,2016-08-18 12:01,2016/8/19 星期五 下午 2:32:07,http://weibo.com/5671918370/E46MYeiHA,0,0,3
249,66,乐呵WZY,//@Johnny黄景瑜:,2016-08-17 15:39,2016/8/19 星期五 下午 2:32:07,http://weibo.com/5372884298/E3YMQocBJ,0,0,3
250,67,wuli晶瑜,//@Johnny黄景瑜:,2016-08-17 13:57,2016/8/19 星期五 下午 2:32:07,http://weibo.com/5880844635/E3Y7uqmzl,0,0,3
251,68,那时222的我们,//@Johnny黄景瑜:,2016-08-17 00:12,2016/8/19 星期五 下午 2:32:07,http://weibo.com/5941696106/E3SIP1ixx,0,0,3
252,69,promise时间,//@Johnny黄景瑜:,2016-08-16 13:22,2016/8/19 星期五 下午 2:32:07,http://weibo.com/5397171766/E3Ot24SAY,0,0,3
253,70,我是鲸鱼背影饭,最近事儿太多，突然想再留言一遍你的微博。从七月初认识你到现在40多天的时间，越了解越深爱。知道你是一个活得通透，心如明镜的大男孩，虽然没能共度那些艰难岁月，但往后的日子里，好的坏的，高潮低谷我都会陪你度过。像你说得那样鲜花脏水你都接的住，我愿相信明天会更好。晚安，好梦@Johnny黄景瑜,2016-08-15 01:44,2016/8/19 星期五 下午 2:32:07,http://weibo.com/5977394873/E3AteyIie,0,0,3
254,71,得舍王凯工作室,这才是中国#中国一点都不能少#//@王凯kkw:一点都不能少！,2016-07-12 21:52,2016/8/19 星期五 下午 2:33:18,http://weibo.com/5881873098/DEviM5AOj,0,0,3
255,72,王凯浙江影迷会,一点都不能少 //@王凯kkw:一点都不能少！,2016-07-12 21:44,2016/8/19 星期五 下午 2:33:18,http://weibo.com/5401154803/DEvfLnPEx,0,0,3
256,73,王凯影迷会iwangkai,#中国一点都不能少# //@王凯kkw:一点都不能少！,2016-07-12 21:49,2016/8/19 星期五 下午 2:33:18,http://weibo.com/3764535807/DEvhvwISQ,0,0,3
257,74,王凯数据宣传组, //@王凯kkw:一点都不能少！,2016-07-12 22:54,2016/8/19 星期五 下午 2:33:18,http://weibo.com/5840368599/DEvHR0Qub,0,0,3
258,75,光明植物活力,中国的领土主权和海洋权益，不需要别人仲裁！我们不接受！不参与！不承认！#中国一点都不能少#！植物活力对待活菌的严谨态度犹如中国对南海的严肃立场——300亿活菌一个也不能少！ //@王凯kkw: 一点都不能少！,2016-07-13 11:08,2016/8/19 星期五 下午 2:33:18,http://weibo.com/3986778169/DEAw9zDP5,0,0,3
259,76,kkw-wk,我们家领土虽然大，但没有一寸是多余的 //@王凯kkw:一点都不能少！,2016-07-12 21:48,2016/8/19 星期五 下午 2:33:18,http://weibo.com/5713164541/DEvhbagqb,0,0,3
260,77,TotoYogurt,一块刺身一碗鱼头汤一个炸鱼尾巴都不给他们?? //@王凯kkw:一点都不能少！,2016-07-12 21:48,2016/8/19 星期五 下午 2:33:18,http://weibo.com/2908540280/DEvhe6ge8,0,0,3
261,78,AUGUSTEIGHTEEN_818,一点都不能少 //@王凯kkw:一点都不能少！,2016-07-12 21:49,2016/8/19 星期五 下午 2:33:18,http://weibo.com/5876271058/DEvhIbwUw,0,0,3
262,79,王凯欧洲粉丝群,#中国一点都不能少# 正是这样的中国，才能让我们即使远在异国他乡也能够堂堂正正地作为一个中国人努力生活，这样的中国#一点都不能少#??//@王凯kkw:一点都不能少！,2016-07-12 22:08,2016/8/19 星期五 下午 2:33:18,http://weibo.com/5830950220/DEvpf7MIr,0,0,3
263,80,Zhang婧希,//@王凯kkw:一点都不能少！,2016-08-18 18:30,2016/8/19 星期五 下午 2:33:18,http://weibo.com/5863944333/E49kKdLZP,0,0,3
264,81,木木云在青天,//@王凯kkw:一点都不能少！,2016-08-18 17:37,2016/8/19 星期五 下午 2:33:18,http://weibo.com/5340486621/E48ZAuuTQ,0,0,3
265,82,在青岛等你来找我,//@王凯kkw:一点都不能少！,2016-08-18 00:10,2016/8/19 星期五 下午 2:33:18,http://weibo.com/5837421927/E428fjmlv,0,0,3
266,83,梦想家窈烨风姿,一點都不能少、//@王凯kkw:一点都不能少！,2016-08-17 14:16,2016/8/19 星期五 下午 2:33:18,http://weibo.com/1254812540/E3YffbzRK,0,0,3
267,84,现在下雨了哦,#王凯kkw# #陪王凯细水长流见面会# #王凯0818生日快乐##王凯欢享月#??爱你@王凯kkw//@王凯kkw: 一点都不能少！,2016-08-16 00:28,2016/8/19 星期五 下午 2:33:18,http://weibo.com/5203034817/E3JoC9Syc,0,0,3
268,85,刘思童0426,最喜欢这种爱国的明星 //@王凯kkw:一点都不能少！,2016-08-15 21:12,2016/8/19 星期五 下午 2:33:18,http://weibo.com/2787898333/E3I7fmhyD,0,0,3
269,86,Dear迪丽热巴后援会,#中国一点都不能少# 中国领土，寸土不让！//@Dear-迪丽热巴:中国，一点都不能少，一寸都不会让。,2016-07-12 21:38,2016/8/19 星期五 下午 2:34:06,http://weibo.com/3511007781/DEvda3FZj,0,0,3
270,87,粽子围剿冷巴驻热巴总区总司令,爱国迪上线。中国一点都不能少！ //@Dear-迪丽热巴:中国，一点都不能少，一寸都不会让。,2016-07-12 21:36,2016/8/19 星期五 下午 2:34:06,http://weibo.com/3277033460/DEvcc4BVo,0,0,3
271,88,疯疯疯疯疯娇,对！一点都不让！//@Dear-迪丽热巴:中国，一点都不能少，一寸都不会让。,2016-07-12 21:38,2016/8/19 星期五 下午 2:34:06,http://weibo.com/1812665302/DEvdlxD8D,0,0,3
272,89,麦胖子巴巴,//@Dear-迪丽热巴:中国，一点都不能少，一寸都不会让。,2016-07-12 21:34,2016/8/19 星期五 下午 2:34:06,http://weibo.com/3531981020/DEvbE5PnA,0,0,3
273,90,奶味老干妈,就冲那美味的海鲜，你能让吗 //@Dear-迪丽热巴:中国，一点都不能少，一寸都不会让。,2016-07-12 22:21,2016/8/19 星期五 下午 2:34:06,http://weibo.com/2696028474/DEvuQl48o,0,0,3
274,91,Everything帅迪你敢上我吗,鱼干都不给一条//@Dear-迪丽热巴:中国，一点都不能少，一寸都不会让。,2016-07-12 21:45,2016/8/19 星期五 下午 2:34:06,http://weibo.com/1027994171/DEvfWkSAD,0,0,3
275,92,D-天才在左疯子在右,一寸不让//@Dear-迪丽热巴:中国，一点都不能少，一寸都不会让。,2016-07-12 21:32,2016/8/19 星期五 下午 2:34:06,http://weibo.com/5220803876/DEvaB4VXc,0,0,3
276,93,Daping要为迪丽热巴盖城堡,南海是中国的！一点都不能少！一寸都不会让！//@Dear-迪丽热巴:中国，一点都不能少，一寸都不会让。,2016-07-12 21:53,2016/8/19 星期五 下午 2:34:06,http://weibo.com/5521628938/DEvjnmdFG,0,0,3
277,94,berry-lover199412,一滴水都不行//@Dear-迪丽热巴:中国，一点都不能少，一寸都不会让。,2016-07-12 21:34,2016/8/19 星期五 下午 2:34:06,http://weibo.com/5708268370/DEvbE4nqf,0,0,3
278,95,mj17299,转发微博,2016-07-13 23:32,2016/8/19 星期五 下午 2:34:06,http://weibo.com/5871956996/DEFo9p0FZ,0,0,3
279,96,茜唯love欣基girl,噗嗤耶//@Dear-迪丽热巴:中国，一点都不能少，一寸都不会让。,2016-08-19 12:20,2016/8/19 星期五 下午 2:34:06,http://weibo.com/5980093123/E4glaiwZn,0,0,3
280,97,用户6003538731,//@Dear-迪丽热巴:中国，一点都不能少，一寸都不会让。,2016-08-19 07:42,2016/8/19 星期五 下午 2:34:06,http://weibo.com/6003538731/E4ewt6p3A,0,0,3
281,98,花圣11,//@Dear-迪丽热巴:中国，一点都不能少，一寸都不会让。,2016-08-19 02:06,2016/8/19 星期五 下午 2:34:06,http://weibo.com/5908326255/E4cjPnWif,0,0,3
282,99,鹿honey灬莪只爱你,棒棒哒//@Dear-迪丽热巴:中国，一点都不能少，一寸都不会让。,2016-08-18 21:46,2016/8/19 星期五 下午 2:34:06,http://weibo.com/6003991049/E4aCknsWz,0,0,3
283,100,-叁木Sanmu-,//@黄渤: 这才是中国，一点都不能少。,2016-07-12 19:53,2016/8/19 星期五 下午 2:34:53,http://weibo.com/1778845471/DEuwpsH6f,0,0,3
284,101,黄渤官影会,中国一点都不能少 //@黄渤:这才是中国，一点都不能少。,2016-07-12 21:44,2016/8/19 星期五 下午 2:34:53,http://weibo.com/1823463403/DEvfAnqa3,0,0,3
285,102,微信投票刷票,//@黄渤: 这才是中国，一点都不能少。,2016-07-27 07:47,2016/8/19 星期五 下午 2:34:53,http://weibo.com/5586417008/E0JIZ0OuB,0,0,3
286,103,吴靖萱,一个都不能少！！！ //@黄渤:这才是中国，一点都不能少。,2016-07-14 21:17,2016/8/19 星期五 下午 2:34:53,http://weibo.com/5779215743/DENVB1nfm,0,0,3
287,104,喜欢喜欢超喜欢x,#中国一点都不能少#??//@黄渤:这才是中国，一点都不能少。,2016-07-12 19:50,2016/8/19 星期五 下午 2:34:53,http://weibo.com/5707200456/DEuvv4oJx,0,0,3
288,105,黄渤百度贴吧,一点都不！//@黄渤:这才是中国，一点都不能少。,2016-07-12 20:09,2016/8/19 星期五 下午 2:34:53,http://weibo.com/5197385018/DEuCVDhUQ,0,0,3
289,106,本名是龙,这才是中国，一点都不能少。,2016-07-18 22:37,2016/8/19 星期五 下午 2:34:53,http://weibo.com/5985758283/DFqak8R8n,0,0,3
290,107,静意茹桐,//@黄渤:这才是中国，一点都不能少。,2016-07-12 23:31,2016/8/19 星期五 下午 2:34:53,http://weibo.com/2946046125/DEvWV51M0,0,0,3
291,108,許爾世愛戀,//@黄渤:这才是中国，一点都不能少。,2016-07-12 22:27,2016/8/19 星期五 下午 2:34:53,http://weibo.com/5908030511/DEvwYFIT1,0,0,3
292,109,请叫我TwoTwo,这才是中国，一点都不能少。,2016-07-12 20:03,2016/8/19 星期五 下午 2:34:53,http://weibo.com/3881453941/DEuABeaJX,0,0,3
293,110,用户6004981539,//@用户6004981539:一点都不能少。,2016-08-19 12:47,2016/8/19 星期五 下午 2:34:53,http://weibo.com/6004981539/E4gwbvhYa,0,0,3
294,111,用户6004981539,一点都不能少。,2016-08-19 12:41,2016/8/19 星期五 下午 2:34:53,http://weibo.com/6004981539/E4gtSu9Gn,0,0,3
295,112,MC-寒小东,我发现宝强跟黄渤长得一样,2016-08-19 12:34,2016/8/19 星期五 下午 2:34:53,http://weibo.com/5656460107/E4gqQyD8q,0,0,3
296,113,莫竹菲033,//@黄渤:这才是中国，一点都不能少。,2016-08-19 11:47,2016/8/19 星期五 下午 2:34:53,http://weibo.com/2073930493/E4g7EyIad,0,0,3
297,114,江湖人称许四哥, ?查看图片 //@黄渤: 这才是中国，一点都不能少。,2016-08-19 11:11,2016/8/19 星期五 下午 2:34:54,http://weibo.com/3760267511/E4fTq0iUQ,0,0,3
298,115,挑战者联盟,#挑战者联盟#//@李晨: ,2016-07-12 16:22,2016/8/19 星期五 下午 2:36:01,http://weibo.com/5602604444/DEt8X204t,0,0,3
299,116,约吧大明星,一点都不能少//@李晨: ,2016-07-12 19:46,2016/8/19 星期五 下午 2:36:01,http://weibo.com/5797544882/DEutGFH01,0,0,3
300,117,李晨工作室, //@李晨:,2016-07-12 20:22,2016/8/19 星期五 下午 2:36:01,http://weibo.com/2801092433/DEuIr0QTD,0,0,3
301,118,乐视娱乐,中国//@李晨: ,2016-07-12 16:25,2016/8/19 星期五 下午 2:36:01,http://weibo.com/2189611015/DEtaerhyq,0,0,3
302,119,认真萌陈陈, //@李晨:,2016-07-12 16:09,2016/8/19 星期五 下午 2:36:01,http://weibo.com/3075683340/DEt3rE7u0,0,0,3
303,120,冰冰晨报官博,#中国一点都不能少#  //@李晨:,2016-07-12 16:10,2016/8/19 星期五 下午 2:36:01,http://weibo.com/5564224391/DEt42EsRY,0,0,3
304,121,李晨论坛晨光迷影,//@李晨: ,2016-07-12 17:04,2016/8/19 星期五 下午 2:36:01,http://weibo.com/2117292573/DEtpQtjGL,0,0,3
305,122,京环之声, //@李晨:,2016-07-12 17:16,2016/8/19 星期五 下午 2:36:01,http://weibo.com/2594986464/DEtv151Sd,0,0,3
306,123,要你命三千丶,//@李晨:,2016-07-13 12:15,2016/8/19 星期五 下午 2:36:01,http://weibo.com/5458659311/DEAX3g7tg,0,0,3
307,124,手机用户2621450661,爱中国,2016-07-12 23:20,2016/8/19 星期五 下午 2:36:01,http://weibo.com/2621450661/DEvSI5X3y,0,0,3
308,125,细雨绵绵_26361,O王宝强离婚声明一发，吉林一哥们实在憋不住了 //@细雨绵绵_26361://@李晨:,2016-08-16 10:25,2016/8/19 星期五 下午 2:36:01,http://weibo.com/5634681583/E3NiUmUVq,0,0,3
309,126,郭嘉庆义,转发微博,2016-08-15 20:39,2016/8/19 星期五 下午 2:36:01,http://weibo.com/5577331084/E3HTDERdx,0,0,3
310,127,陶昕然,#中国一点都不能少#??//@馬天宇:#中国一点都不能少#,2016-07-12 19:05,2016/8/19 星期五 下午 2:37:11,http://weibo.com/1391230884/DEucTEQag,0,0,3
311,128,马天宇微博搬砖队,#中国一点都不能少#??//@馬天宇:#中国一点都不能少#__,2016-07-12 18:00,2016/8/19 星期五 下午 2:37:11,http://weibo.com/5673240621/DEtMU83u8,0,0,3
312,129,放开我北鼻,#中国一点都不能少# //@馬天宇:#中国一点都不能少#,2016-07-12 18:37,2016/8/19 星期五 下午 2:37:11,http://weibo.com/5909199266/DEu1IrcGj,0,0,3
313,130,马天宇-宇你同行驿站,#中国一点都不能少# 这就是我们所有人的态度。 //@馬天宇:#中国一点都不能少#,2016-07-12 17:57,2016/8/19 星期五 下午 2:37:11,http://weibo.com/1823812650/DEtLsw5ZC,0,0,3
314,131,马天宇全球后援会,#中国一点都不能少# //@馬天宇:#中国一点都不能少#,2016-07-12 18:45,2016/8/19 星期五 下午 2:37:11,http://weibo.com/2128716303/DEu4X6ypn,0,0,3
315,132,马天宇微博后援会,#中国一点都不能少#??//@馬天宇:#中国一点都不能少#,2016-07-12 17:54,2016/8/19 星期五 下午 2:37:11,http://weibo.com/2457086010/DEtKeD0rG,0,0,3
316,133,髙巍_,#中国一点都不能少#//@馬天宇:#中国一点都不能少#,2016-07-12 18:11,2016/8/19 星期五 下午 2:37:11,http://weibo.com/1448339204/DEtQZ4FcA,0,0,3
317,134,雨梦中的晴天,#中国一点也不能少##南海是中国的#一滴水也不给//@馬天宇:#中国一点都不能少#,2016-07-12 18:20,2016/8/19 星期五 下午 2:37:11,http://weibo.com/3902772032/DEtUTEeio,0,0,3
318,135,坚强的馬天羽,#中国一点都不能少#//@馬天宇:#中国一点都不能少#,2016-07-12 18:01,2016/8/19 星期五 下午 2:37:11,http://weibo.com/5754851598/DEtN30Ahu,0,0,3
319,136,Botija, //@专注拉郎三百年://@馬天宇: #中国一点都不能少#,2016-07-12 18:27,2016/8/19 星期五 下午 2:37:11,http://weibo.com/1963361617/DEtXKnRPH,0,0,3
320,137,阿薇大人小宅女,//@馬天宇:#中国一点都不能少#,2016-08-18 16:07,2016/8/19 星期五 下午 2:37:12,http://weibo.com/5615624027/E48oS4OIy,0,0,3
321,138,毛呢不是真的,//@馬天宇:#中国一点都不能少#,2016-08-16 22:30,2016/8/19 星期五 下午 2:37:12,http://weibo.com/5558120209/E3S3bAtjq,0,0,3
322,139,安琪諆,    坚决不//@馬天宇:#中国一点都不能少#,2016-08-16 11:49,2016/8/19 星期五 下午 2:37:12,http://weibo.com/5240032471/E3NRdBHOz,0,0,3
323,140,许你一锅粥群博,寸土不可少//@许魏洲ZZ:一点也不能少！,2016-07-12 20:27,2016/8/19 星期五 下午 2:38:32,http://weibo.com/5913720935/DEuKff9ML,0,0,3
324,141,许魏洲粉丝后援会官博,#中国一点都不能少#??寸土不让，虽远必诛//@许魏洲ZZ:一点也不能少！,2016-07-12 19:01,2016/8/19 星期五 下午 2:38:32,http://weibo.com/5967255358/DEubq59RG,0,0,3
325,142,深度病娇患者,#中国一点都不能少# 祖国南海寸土不让。犯我中华者，虽远必诛//@许魏洲ZZ:一点也不能少！,2016-07-12 19:54,2016/8/19 星期五 下午 2:38:32,http://weibo.com/5261816225/DEuwV7PI1,0,0,3
326,143,许魏洲是小天使,一点也不能少！我是中国人！ 其次是白粥！ //@许魏洲ZZ:一点也不能少！,2016-07-12 19:12,2016/8/19 星期五 下午 2:38:32,http://weibo.com/3205643442/DEufRwpOm,0,0,3
327,144,许魏洲吧,#中国一点都不能少#  //@许魏洲ZZ:一点也不能少！,2016-07-12 19:02,2016/8/19 星期五 下午 2:38:32,http://weibo.com/5762501549/DEubHgDNL,0,0,3
328,145,一口大钢铁锅,中国，一点都不能少，一寸都不会让！ //@许魏洲ZZ:一点也不能少！,2016-07-12 19:02,2016/8/19 星期五 下午 2:38:32,http://weibo.com/2206020211/DEubUyuB3,0,0,3
329,146,中华套路王,一点也不能少！   //@许魏洲ZZ:一点也不能少！,2016-07-12 19:08,2016/8/19 星期五 下午 2:38:32,http://weibo.com/2481226074/DEuedyVmO,0,0,3
330,147,许家秦玖,虽远必诛！ //@许魏洲ZZ:一点也不能少！,2016-07-12 21:23,2016/8/19 星期五 下午 2:38:32,http://weibo.com/5922132051/DEv75e0ym,0,0,3
331,148,胡旭晨Chen,右边说的没毛病！你们说呢！ //@许魏洲ZZ:一点也不能少！,2016-07-12 19:26,2016/8/19 星期五 下午 2:38:32,http://weibo.com/2200459112/DEulBznHL,0,0,3
332,149,张煜Xwz, //@许魏洲ZZ:一点也不能少！,2016-07-12 19:01,2016/8/19 星期五 下午 2:38:32,http://weibo.com/2617960197/DEubpxAgh,0,0,3
333,150,MikoFong_, //@许魏洲ZZ:一点也不能少！,2016-08-18 13:33,2016/8/19 星期五 下午 2:38:32,http://weibo.com/1053398512/E47oc2xyK,0,0,3
334,151,温矜与野, //@许魏洲ZZ:一点也不能少！,2016-08-18 11:20,2016/8/19 星期五 下午 2:38:32,http://weibo.com/5857151615/E46wxECOT,0,0,3
335,152,我就是爱许魏洲呀,#许魏洲# #何其有幸遇见许魏洲# 就这样看你 用所有眼睛和所有距离 心又被撩起 也满心空欢喜 就像风住了 风又起//@许魏洲ZZ:一点也不能少！,2016-08-18 08:11,2016/8/19 星期五 下午 2:38:32,http://weibo.com/5262498093/E45hQkpt0,0,0,3
336,153,喂他喝粥,//@许魏洲ZZ:一点也不能少！,2016-08-17 20:37,2016/8/19 星期五 下午 2:38:32,http://weibo.com/5747932840/E40JTAYqn,0,0,3
337,154,喂他喝粥,//@许魏洲ZZ:一点也不能少！,2016-08-17 20:36,2016/8/19 星期五 下午 2:38:32,http://weibo.com/5747932840/E40JBxJc5,0,0,3
338,155,点次画, //@许魏洲ZZ:一点也不能少！,2016-08-17 18:36,2016/8/19 星期五 下午 2:38:32,http://weibo.com/5890514000/E3ZX1290d,0,0,3
339,156,小牛_牛牛,//@许魏洲ZZ:一点也不能少！,2016-08-17 08:21,2016/8/19 星期五 下午 2:38:32,http://weibo.com/5874688877/E3VVoBxAq,0,0,3
340,157,图图19820920,//@萌猫图图: 支持 //@胡歌:“有国才有家” 一点不少！ 寸土不让！,2016-07-19 16:43,2016/8/19 星期五 下午 2:40:18,http://weibo.com/1840246200/DFxgLbeuP,0,0,4
341,158,小萌不发财天理难容,//@萌猫图图: 支持 //@胡歌:“有国才有家” 一点不少！ 寸土不让！,2016-07-19 16:43,2016/8/19 星期五 下午 2:40:18,http://weibo.com/5891360938/DFxgKBmnv,0,0,4
342,159,喵喵19820920,//@萌猫图图: 支持 //@胡歌:“有国才有家” 一点不少！ 寸土不让！,2016-07-19 16:43,2016/8/19 星期五 下午 2:40:18,http://weibo.com/1839515512/DFxgKzA5C,0,0,4
343,160,贝贝19820920,//@萌猫图图: 支持 //@胡歌:“有国才有家” 一点不少！ 寸土不让！,2016-07-19 16:43,2016/8/19 星期五 下午 2:40:18,http://weibo.com/1844227793/DFxgKysGP,0,0,4
344,161,梦梦19820920,//@萌猫图图: 支持 //@胡歌:“有国才有家” 一点不少！ 寸土不让！,2016-07-19 16:43,2016/8/19 星期五 下午 2:40:18,http://weibo.com/1843418665/DFxgKwm7C,0,0,4
345,162,yiyi19820920,//@萌猫图图: 支持 //@胡歌:“有国才有家” 一点不少！ 寸土不让！,2016-07-19 16:43,2016/8/19 星期五 下午 2:40:18,http://weibo.com/1844860894/DFxgKwm6W,0,0,4
346,163,图图19820920,//@萌猫图图: 支持 //@胡歌:“有国才有家” 一点不少！ 寸土不让！,2016-07-19 16:38,2016/8/19 星期五 下午 2:40:18,http://weibo.com/1840246200/DFxeJjT56,0,0,4
347,164,梦梦19820920,//@萌猫图图: 支持 //@胡歌:“有国才有家” 一点不少！ 寸土不让！,2016-07-19 16:38,2016/8/19 星期五 下午 2:40:18,http://weibo.com/1843418665/DFxeJjSAo,0,0,4
348,165,喵喵19820920,//@萌猫图图: 支持 //@胡歌:“有国才有家” 一点不少！ 寸土不让！,2016-07-19 16:38,2016/8/19 星期五 下午 2:40:18,http://weibo.com/1839515512/DFxeJhEQp,0,0,4
349,166,yiyi19820920,//@萌猫图图: 支持 //@胡歌:“有国才有家” 一点不少！ 寸土不让！,2016-07-19 16:38,2016/8/19 星期五 下午 2:40:18,http://weibo.com/1844860894/DFxeJhEnD,0,0,4
350,167,小萌不发财天理难容,//@萌猫图图: 支持 //@胡歌:“有国才有家” 一点不少！ 寸土不让！,2016-07-19 16:38,2016/8/19 星期五 下午 2:40:18,http://weibo.com/5891360938/DFxeJgX97,0,0,4
351,168,贝贝19820920,//@萌猫图图: 支持 //@胡歌:“有国才有家” 一点不少！ 寸土不让！,2016-07-19 16:38,2016/8/19 星期五 下午 2:40:18,http://weibo.com/1844227793/DFxeIDGzs,0,0,4
352,169,邓春夏13,//@你们不发财天理难容: #胡歌# #胡歌猎场# #应无所住# #被胡歌打脸# #胡歌长江源环保公益行# #电视剧猎场# #胡歌益起来# @胡歌??//@胡歌数据组:#中国一点都不能少# //@胡歌:“有国才有家” 一点不少！ 寸土不让！,2016-07-18 15:40,2016/8/19 星期五 下午 2:41:26,http://weibo.com/3205407873/DFnqM3OSn,0,0,4
353,170,邓春夏14,//@你们不发财天理难容: #胡歌# #胡歌猎场# #应无所住# #被胡歌打脸# #胡歌长江源环保公益行# #电视剧猎场# #胡歌益起来# @胡歌??//@胡歌数据组:#中国一点都不能少# //@胡歌:“有国才有家” 一点不少！ 寸土不让！,2016-07-18 15:40,2016/8/19 星期五 下午 2:41:26,http://weibo.com/1994718463/DFnqLqX9m,0,0,4
354,171,移动客户2287941885,//@你们不发财天理难容: #胡歌# #胡歌猎场# #应无所住# #被胡歌打脸# #胡歌长江源环保公益行# #电视剧猎场# #胡歌益起来# @胡歌??//@胡歌数据组:#中国一点都不能少# //@胡歌:“有国才有家” 一点不少！ 寸土不让！,2016-07-18 15:40,2016/8/19 星期五 下午 2:41:26,http://weibo.com/2287941885/DFnqHBdEE,0,0,4
355,172,邓春夏14,//@你们不发财天理难容: #胡歌# #胡歌猎场# #应无所住# #被胡歌打脸# #胡歌长江源环保公益行# #电视剧猎场# #胡歌益起来# @胡歌??//@胡歌数据组:#中国一点都不能少# //@胡歌:“有国才有家” 一点不少！ 寸土不让！,2016-07-18 15:35,2016/8/19 星期五 下午 2:41:26,http://weibo.com/1994718463/DFnoI3u8k,0,0,4
356,173,邓春夏13,//@你们不发财天理难容: #胡歌# #胡歌猎场# #应无所住# #被胡歌打脸# #胡歌长江源环保公益行# #电视剧猎场# #胡歌益起来# @胡歌??//@胡歌数据组:#中国一点都不能少# //@胡歌:“有国才有家” 一点不少！ 寸土不让！,2016-07-18 15:35,2016/8/19 星期五 下午 2:41:26,http://weibo.com/3205407873/DFnoHrPNG,0,0,4
357,174,移动客户2287941885,//@你们不发财天理难容: #胡歌# #胡歌猎场# #应无所住# #被胡歌打脸# #胡歌长江源环保公益行# #电视剧猎场# #胡歌益起来# @胡歌??//@胡歌数据组:#中国一点都不能少# //@胡歌:“有国才有家” 一点不少！ 寸土不让！,2016-07-18 15:35,2016/8/19 星期五 下午 2:41:26,http://weibo.com/2287941885/DFnoGyupP,0,0,4
