ID,weiboID,userID,content,postTime,datatime,weibourl,floor
1,0,人民日报, #中国一点都不能少#这才是中国，一点都不能少。 ,7月11日 08:18,2016/7/18 星期一 下午 3:27:58,http://weibo.com/2803301701/DEgxNwT8g,1
2,1,杨洋icon,一点都不能少,2016-07-12 16:00,2016/7/18 星期一 下午 3:30:09,http://weibo.com/1815418641/DEt0a4dgO,2
3,2,胡歌,“有国才有家” 一点不少！ 寸土不让！,2016-07-12 21:36,2016/7/18 星期一 下午 3:30:09,http://weibo.com/1223178222/DEvcdb0jS,2
4,3,宋茜,这才是中国，一点都不能少。,2016-07-12 17:25,2016/7/18 星期一 下午 3:30:09,http://weibo.com/2902408801/DEtyv5X1d,2
5,4,范冰冰,这才是中国，一点都不能少。,2016-07-12 17:50,2016/7/18 星期一 下午 3:30:09,http://weibo.com/3952070245/DEtIPbVyi,2
6,5,Johnny黄景瑜,,2016-07-12 20:16,2016/7/18 星期一 下午 3:30:09,http://weibo.com/1989519725/DEuFQxZfI,2
7,6,王凯kkw,一点都不能少！,2016-07-12 21:44,2016/7/18 星期一 下午 3:30:09,http://weibo.com/1278089051/DEvfvr6L4,2
8,7,李晨,,2016-07-12 16:08,2016/7/18 星期一 下午 3:30:09,http://weibo.com/1259193624/DEt3eDQeK,2
9,8,黄渤,这才是中国，一点都不能少。,2016-07-12 19:49,2016/7/18 星期一 下午 3:30:09,http://weibo.com/1263498570/DEuv8jexk,2
10,9,Dear-迪丽热巴,中国，一点都不能少，一寸都不会让。,2016-07-12 21:31,2016/7/18 星期一 下午 3:30:09,http://weibo.com/1669879400/DEvaoAP08,2
11,10,馬天宇,#中国一点都不能少#,2016-07-12 17:53,2016/7/18 星期一 下午 3:30:09,http://weibo.com/1234692083/DEtJVFbwn,2
12,11,羊毛们的领头羊,//@演员与歌者:  //@忽然就醒了今天:一点都不能少//@杨洋icon:一点都不能少,2016-07-18 15:53,2016/7/18 星期一 下午 3:57:09,http://weibo.com/3899897892/DFnvYq1KV,3
13,12,此号只为杨洋开,//@演员与歌者:  //@忽然就醒了今天:一点都不能少//@杨洋icon:一点都不能少,2016-07-18 15:53,2016/7/18 星期一 下午 3:57:09,http://weibo.com/5041500572/DFnvY4YrK,3
14,13,杨洋是世界上最好的哥哥,//@演员与歌者:  //@忽然就醒了今天:一点都不能少//@杨洋icon:一点都不能少,2016-07-18 15:53,2016/7/18 星期一 下午 3:57:09,http://weibo.com/5172588173/DFnvY4Yl8,3
15,14,MAY86492,//@此号只为杨洋开://@演员与歌者:  //@忽然就醒了今天:一点都不能少//@杨洋icon:一点都不能少,2016-07-18 15:52,2016/7/18 星期一 下午 3:57:09,http://weibo.com/5874237461/DFnvJkhAc,3
16,15,此号只为杨洋开,//@演员与歌者:  //@忽然就醒了今天:一点都不能少//@杨洋icon:一点都不能少,2016-07-18 15:48,2016/7/18 星期一 下午 3:57:09,http://weibo.com/5041500572/DFntVELCT,3
17,16,羊毛们的领头羊,//@演员与歌者:  //@忽然就醒了今天:一点都不能少//@杨洋icon:一点都不能少,2016-07-18 15:48,2016/7/18 星期一 下午 3:57:09,http://weibo.com/3899897892/DFntVD0QI,3
18,17,杨洋是世界上最好的哥哥,//@演员与歌者:  //@忽然就醒了今天:一点都不能少//@杨洋icon:一点都不能少,2016-07-18 15:48,2016/7/18 星期一 下午 3:57:09,http://weibo.com/5172588173/DFntVjc0j,3
19,18,羊毛们的领头羊,//@演员与歌者:  //@忽然就醒了今天:一点都不能少//@杨洋icon:一点都不能少,2016-07-18 15:43,2016/7/18 星期一 下午 3:57:09,http://weibo.com/3899897892/DFnrVgDAr,3
20,19,杨洋是世界上最好的哥哥,//@演员与歌者:  //@忽然就醒了今天:一点都不能少//@杨洋icon:一点都不能少,2016-07-18 15:43,2016/7/18 星期一 下午 3:57:09,http://weibo.com/5172588173/DFnrUDyFx,3
21,20,此号只为杨洋开,//@演员与歌者:  //@忽然就醒了今天:一点都不能少//@杨洋icon:一点都不能少,2016-07-18 15:43,2016/7/18 星期一 下午 3:57:09,http://weibo.com/5041500572/DFnrUBpUP,3
22,21,花于骨,#中国一点都不能少#寸土不让//@胡歌:“有国才有家” 一点不少！ 寸土不让！,2016-07-12 22:02,2016/7/18 星期一 下午 4:00:04,http://weibo.com/5070467988/DEvn0eYec,3
23,22,萌猫图图,支持 //@胡歌:“有国才有家” 一点不少！ 寸土不让！,2016-07-12 22:10,2016/7/18 星期一 下午 4:00:04,http://weibo.com/5754764111/DEvq5F1Og,3
24,23,胡歌数据组,#中国一点都不能少# 一点不少，寸土不让！//@胡歌:“有国才有家” 一点不少！ 寸土不让！,2016-07-12 21:42,2016/7/18 星期一 下午 4:00:04,http://weibo.com/3193064712/DEveSquu9,3
25,24,胡歌爱吃的牛油果_帝王椒,#中国一点都不能少# 中国领土神圣不可侵犯寸土必争！//@胡歌:“有国才有家” 一点不少！ 寸土不让！,2016-07-12 22:17,2016/7/18 星期一 下午 4:00:04,http://weibo.com/5730556384/DEvt6taN4,3
26,25,蓝蓝花,#中国一点都不能少# 你演过林觉民，演过戴涛，演过明台，你最知道有国才有家～爱我中华，无论过去、现在，还是将来～//@胡歌:“有国才有家” 一点不少！ 寸土不让！,2016-07-12 22:18,2016/7/18 星期一 下午 4:00:04,http://weibo.com/1063578244/DEvtu3d8B,3
27,26,云起的守候, #中国一点也不能少# 国家主权，不容侵犯。中国 ，一点也不能少，一寸也不会让 ??犯我中华者，虽远必诛  ！#胡歌# @胡歌 //@胡歌:“有国才有家” 一点不少！ 寸土不让！,2016-07-12 21:43,2016/7/18 星期一 下午 4:00:04,http://weibo.com/1680774341/DEvf4bqzq,3
28,27,maomao爱猫猫,#中国一点都不能少#有国才有家！//@胡歌:“有国才有家” 一点不少！ 寸土不让！,2016-07-12 21:44,2016/7/18 星期一 下午 4:00:04,http://weibo.com/3061746197/DEvfLjGz9,3
29,28,梧桐花开早,是的 寸土不能少犯我中华者 虽远必诛//@胡歌:“有国才有家” 一点不少！ 寸土不让！,2016-07-12 21:40,2016/7/18 星期一 下午 4:00:04,http://weibo.com/5772762316/DEvdSFtSV,3
30,29,胡歌贴吧官方微博,#中国一点都不能少#//@胡歌:“有国才有家” 一点不少！ 寸土不让！,2016-07-12 21:48,2016/7/18 星期一 下午 4:00:04,http://weibo.com/1946344692/DEvh6pvZ2,3
31,30,林儿不发财天理难容,#中国一点都不能少#//@胡歌:“有国才有家” 一点不少！ 寸土不让！,2016-07-13 06:09,2016/7/18 星期一 下午 4:00:04,http://weibo.com/5920295577/DEyyIqWpA,3
32,31,日宣小组SongQian,#中国一点都不能少#这才是中国，一点都不能少。??//@宋茜:这才是中国，一点都不能少。,2016-07-12 17:26,2016/7/18 星期一 下午 4:03:57,http://weibo.com/3868084598/DEtyYFr3o,3
33,32,宋茜吧_VictoriaBar,中国一点都不能少，该是我们的，寸土必保！//@宋茜: 这才是中国，一点都不能少。,2016-07-12 17:36,2016/7/18 星期一 下午 4:03:57,http://weibo.com/1793655944/DEtCSq6bm,3
34,33,宋茜工作室,这才是中国，一点都不能少 //@宋茜:这才是中国，一点都不能少。,2016-07-12 18:03,2016/7/18 星期一 下午 4:03:57,http://weibo.com/5732554220/DEtO3yylW,3
35,34,送阳光V,#中国一点都不能少#//@宋茜:这才是中国，一点都不能少。,2016-07-12 17:47,2016/7/18 星期一 下午 4:03:57,http://weibo.com/2774149877/DEtHijZMS,3
36,35,浅水小鱼2222,#中国一点都不能少#//@宋茜:这才是中国，一点都不能少。,2016-07-12 18:05,2016/7/18 星期一 下午 4:03:57,http://weibo.com/5180611109/DEtOHwNfP,3
37,36,我有一个梨丶,这才是中国，一点都不能少。 //@宋茜:这才是中国，一点都不能少。,2016-07-12 19:47,2016/7/18 星期一 下午 4:03:57,http://weibo.com/2254275844/DEuujpebe,3
38,37,朝宋Storia,//@宋茜:这才是中国，一点都不能少。,2016-07-12 21:32,2016/7/18 星期一 下午 4:03:57,http://weibo.com/2613617105/DEvaIFHb1,3
39,38,欧丽琼94,“不是中国的，一份不要；该是我们的，寸土必保！”#中国一点都不能少#//@宋茜: 这才是中国，一点都不能少。,2016-07-12 17:34,2016/7/18 星期一 下午 4:03:57,http://weibo.com/1993956243/DEtBYhiPg,3
40,39,宋小王子coriander,一点都不能少 //@宋茜:这才是中国，一点都不能少。,2016-07-12 17:27,2016/7/18 星期一 下午 4:03:57,http://weibo.com/2856002384/DEtzfxFDH,3
41,40,狮心蜂香菜君,我是中国人，来生还做种花人//@宋茜:这才是中国，一点都不能少。,2016-07-12 17:47,2016/7/18 星期一 下午 4:03:57,http://weibo.com/3211269111/DEtHv2y6D,3
42,41,严屹宽,共同守护，一点也不能少//@范冰冰:这才是中国，一点都不能少。,2016-07-12 18:05,2016/7/18 星期一 下午 4:06:10,http://weibo.com/1213327341/DEtOEhzPX,3
43,42,范冰冰工作室,一点都不能少 //@范冰冰:这才是中国，一点都不能少。,2016-07-12 17:59,2016/7/18 星期一 下午 4:06:10,http://weibo.com/2292986033/DEtMmn2Sf,3
44,43,挑战者联盟,#挑战者联盟#一点都不能少//@范冰冰: 这才是中国，一点都不能少。,2016-07-12 20:29,2016/7/18 星期一 下午 4:06:10,http://weibo.com/5602604444/DEuLk4B3W,3
45,44,范冰冰粉丝团,一点不能少//@范冰冰:这才是中国，一点都不能少。,2016-07-12 18:11,2016/7/18 星期一 下午 4:06:10,http://weibo.com/1254133000/DEtRh4Gbk,3
46,45,萌大雨YUYU, //@范冰冰:这才是中国，一点都不能少。,2016-07-12 22:47,2016/7/18 星期一 下午 4:06:10,http://weibo.com/1011269330/DEvFm7Lyc,3
47,46,冰冰晨报官博,#南海是中国的# 决不让步 //@范冰冰:这才是中国，一点都不能少。,2016-07-12 17:54,2016/7/18 星期一 下午 4:06:10,http://weibo.com/5564224391/DEtKriRr1,3
48,47,任大称,中国一点都不能少- //@范冰冰:这才是中国，一点都不能少。,2016-07-12 19:15,2016/7/18 星期一 下午 4:06:10,http://weibo.com/2607429911/DEuhkbZZf,3
49,48,电影绝地逃亡官微,//@范冰冰: 这才是中国，一点都不能少。,2016-07-12 18:21,2016/7/18 星期一 下午 4:06:10,http://weibo.com/5347662278/DEtVlrERA,3
50,49,小黄少,一点都不能少 //@范冰冰:这才是中国，一点都不能少。,2016-07-12 18:04,2016/7/18 星期一 下午 4:06:10,http://weibo.com/1735016410/DEtOlm59o,3
51,50,朱德泉, //@范冰冰:这才是中国，一点都不能少。,2016-07-12 19:48,2016/7/18 星期一 下午 4:06:10,http://weibo.com/3716504593/DEuurn0iG,3
52,51,黄景瑜工作室2016, //@Johnny黄景瑜:,2016-07-12 20:18,2016/7/18 星期一 下午 4:07:58,http://weibo.com/5941634924/DEuGDgUbg,3
53,52,放逐遗失, //@Johnny黄景瑜:,2016-07-12 20:27,2016/7/18 星期一 下午 4:07:58,http://weibo.com/3885913484/DEuKroo3p,3
54,53,黄景瑜打投净化站, //@Johnny黄景瑜:,2016-07-12 20:18,2016/7/18 星期一 下午 4:07:58,http://weibo.com/5871778818/DEuGA51rJ,3
55,54,想见黄景瑜的猪猪, //@Johnny黄景瑜:,2016-07-12 20:26,2016/7/18 星期一 下午 4:07:58,http://weibo.com/2336675327/DEuJR3Tl8,3
56,55,我才不喜欢黄景瑜呢,#中国一点都不能少# 一点都不能少！  //@Johnny黄景瑜:,2016-07-12 20:20,2016/7/18 星期一 下午 4:07:58,http://weibo.com/5163191365/DEuHqlRT7,3
57,56,不备酒歌,#黄景瑜# 爱国少年从来都是正能量满满@Johnny黄景瑜 //@Johnny黄景瑜:,2016-07-12 20:27,2016/7/18 星期一 下午 4:07:58,http://weibo.com/5848281379/DEuKci4az,3
58,57,Johnny黄景瑜全球粉丝后援会,黄景瑜???查看图片 //@Johnny黄景瑜:,2016-07-12 20:44,2016/7/18 星期一 下午 4:07:58,http://weibo.com/5869403474/DEuRcqzue,3
59,58,liebe_ay, 我爱中国??中国一点都不能少//@Johnny黄景瑜:,2016-07-12 20:27,2016/7/18 星期一 下午 4:07:58,http://weibo.com/3192807870/DEuKixTgI,3
60,59,黄景瑜的团团君, //@Johnny黄景瑜:,2016-07-12 20:25,2016/7/18 星期一 下午 4:07:58,http://weibo.com/5951418790/DEuJCA6V3,3
61,60,A面B面-刘铮, //@Johnny黄景瑜:,2016-07-12 20:17,2016/7/18 星期一 下午 4:07:58,http://weibo.com/1871680787/DEuGf1Bw7,3
62,61,得舍王凯工作室,这才是中国#中国一点都不能少#//@王凯kkw:一点都不能少！,2016-07-12 21:52,2016/7/18 星期一 下午 4:16:56,http://weibo.com/5881873098/DEviM5AOj,3
63,62,王凯浙江影迷会,一点都不能少 //@王凯kkw:一点都不能少！,2016-07-12 21:44,2016/7/18 星期一 下午 4:16:56,http://weibo.com/5401154803/DEvfLnPEx,3
64,63,王凯影迷会iwangkai,#中国一点都不能少# //@王凯kkw:一点都不能少！,2016-07-12 21:49,2016/7/18 星期一 下午 4:16:56,http://weibo.com/3764535807/DEvhvwISQ,3
65,64,王凯数据宣传组, //@王凯kkw:一点都不能少！,2016-07-12 22:54,2016/7/18 星期一 下午 4:16:56,http://weibo.com/5840368599/DEvHR0Qub,3
66,65,光明植物活力,中国的领土主权和海洋权益，不需要别人仲裁！我们不接受！不参与！不承认！#中国一点都不能少#！植物活力对待活菌的严谨态度犹如中国对南海的严肃立场——300亿活菌一个也不能少！ //@王凯kkw: 一点都不能少！,2016-07-13 11:08,2016/7/18 星期一 下午 4:16:56,http://weibo.com/3986778169/DEAw9zDP5,3
67,66,kkw-wk,我们家领土虽然大，但没有一寸是多余的 //@王凯kkw:一点都不能少！,2016-07-12 21:48,2016/7/18 星期一 下午 4:16:56,http://weibo.com/5713164541/DEvhbagqb,3
68,67,TotoYogurt,一块刺身一碗鱼头汤一个炸鱼尾巴都不给他们?? //@王凯kkw:一点都不能少！,2016-07-12 21:48,2016/7/18 星期一 下午 4:16:56,http://weibo.com/2908540280/DEvhe6ge8,3
69,68,AUGUSTEIGHTEEN_818,一点都不能少 //@王凯kkw:一点都不能少！,2016-07-12 21:49,2016/7/18 星期一 下午 4:16:56,http://weibo.com/5876271058/DEvhIbwUw,3
70,69,王凯欧洲粉丝群,#中国一点都不能少# 正是这样的中国，才能让我们即使远在异国他乡也能够堂堂正正地作为一个中国人努力生活，这样的中国#一点都不能少#??//@王凯kkw:一点都不能少！,2016-07-12 22:08,2016/7/18 星期一 下午 4:16:56,http://weibo.com/5830950220/DEvpf7MIr,3
71,70,沃翠网沃满址,#陪王凯战斗一夏#??#王凯kkw#???——@王凯kkw 数据粉小尾巴2//@王凯kkw: 一点都不能少！,2016-07-18 16:04,2016/7/18 星期一 下午 4:16:56,http://weibo.com/5823110293/DFnArj2VQ,3
72,71,挑战者联盟,#挑战者联盟#//@李晨: ,2016-07-12 16:22,2016/7/18 星期一 下午 4:18:06,http://weibo.com/5602604444/DEt8X204t,3
73,72,约吧大明星,一点都不能少//@李晨: ,2016-07-12 19:46,2016/7/18 星期一 下午 4:18:06,http://weibo.com/5797544882/DEutGFH01,3
74,73,李晨工作室, //@李晨:,2016-07-12 20:22,2016/7/18 星期一 下午 4:18:06,http://weibo.com/2801092433/DEuIr0QTD,3
75,74,乐视娱乐,中国//@李晨: ,2016-07-12 16:25,2016/7/18 星期一 下午 4:18:06,http://weibo.com/2189611015/DEtaerhyq,3
76,75,认真萌陈陈, //@李晨:,2016-07-12 16:09,2016/7/18 星期一 下午 4:18:06,http://weibo.com/3075683340/DEt3rE7u0,3
77,76,冰冰晨报官博,#中国一点都不能少#  //@李晨:,2016-07-12 16:10,2016/7/18 星期一 下午 4:18:06,http://weibo.com/5564224391/DEt42EsRY,3
78,77,李晨论坛晨光迷影,//@李晨: ,2016-07-12 17:04,2016/7/18 星期一 下午 4:18:06,http://weibo.com/2117292573/DEtpQtjGL,3
79,78,京环之声, //@李晨:,2016-07-12 17:16,2016/7/18 星期一 下午 4:18:06,http://weibo.com/2594986464/DEtv151Sd,3
80,79,迷戀熊猫家的JUN_K,//@李晨: ,2016-07-12 16:10,2016/7/18 星期一 下午 4:18:06,http://weibo.com/1344730204/DEt4bx3bt,3
81,80,他们叫我猫爷爷,//@李晨:,2016-07-18 15:53,2016/7/18 星期一 下午 4:18:06,http://weibo.com/1784494575/DFnw20erW,3
82,81,-叁木Sanmu-,//@黄渤: 这才是中国，一点都不能少。,2016-07-12 19:53,2016/7/18 星期一 下午 4:19:34,http://weibo.com/1778845471/DEuwpsH6f,3
83,82,黄渤官影会,中国一点都不能少 //@黄渤:这才是中国，一点都不能少。,2016-07-12 21:44,2016/7/18 星期一 下午 4:19:35,http://weibo.com/1823463403/DEvfAnqa3,3
84,83,吴靖萱,一个都不能少！！！ //@黄渤:这才是中国，一点都不能少。,2016-07-14 21:17,2016/7/18 星期一 下午 4:19:35,http://weibo.com/5779215743/DENVB1nfm,3
85,84,喜欢喜欢超喜欢x,#中国一点都不能少#??//@黄渤:这才是中国，一点都不能少。,2016-07-12 19:50,2016/7/18 星期一 下午 4:19:35,http://weibo.com/5707200456/DEuvv4oJx,3
86,85,黄渤百度贴吧,一点都不！//@黄渤:这才是中国，一点都不能少。,2016-07-12 20:09,2016/7/18 星期一 下午 4:19:35,http://weibo.com/5197385018/DEuCVDhUQ,3
87,86,xiaole宵乐,#中国一点都不能少# 都是我们中国的！ //@黄渤:这才是中国，一点都不能少。,2016-07-12 19:56,2016/7/18 星期一 下午 4:19:35,http://weibo.com/1582152430/DEuxJj8L3,3
88,87,忠犬青女王宇咸鱼喵,一点都不能少 //@皮蛋星青宇唯: //@黄渤:这才是中国，一点都不能少。,2016-07-12 19:52,2016/7/18 星期一 下午 4:19:35,http://weibo.com/5646618837/DEuw27RDv,3
89,88,喵子子子子,//@黄渤:这才是中国，一点都不能少。,2016-07-12 19:53,2016/7/18 星期一 下午 4:19:35,http://weibo.com/5369403096/DEuwq5Oeq,3
90,89,黄金巨蟹宫,//@黄渤:这才是中国，一点都不能少。,2016-07-18 16:13,2016/7/18 星期一 下午 4:19:35,http://weibo.com/5671069614/DFnEbwafV,3
91,90,妮妮5943312840,//@黄渤:这才是中国，一点都不能少。,2016-07-18 16:11,2016/7/18 星期一 下午 4:19:35,http://weibo.com/5943312840/DFnDC76MP,3
92,91,Dear迪丽热巴后援会,#中国一点都不能少# 中国领土，寸土不让！//@Dear-迪丽热巴:中国，一点都不能少，一寸都不会让。,2016-07-12 21:38,2016/7/18 星期一 下午 4:20:42,http://weibo.com/3511007781/DEvda3FZj,3
93,92,粽子围剿冷巴驻热巴总区总司令,爱国迪上线。中国一点都不能少！ //@Dear-迪丽热巴:中国，一点都不能少，一寸都不会让。,2016-07-12 21:36,2016/7/18 星期一 下午 4:20:42,http://weibo.com/3277033460/DEvcc4BVo,3
94,93,疯疯疯疯疯娇,对！一点都不让！//@Dear-迪丽热巴:中国，一点都不能少，一寸都不会让。,2016-07-12 21:38,2016/7/18 星期一 下午 4:20:42,http://weibo.com/1812665302/DEvdlxD8D,3
95,94,麦胖子巴巴,//@Dear-迪丽热巴:中国，一点都不能少，一寸都不会让。,2016-07-12 21:34,2016/7/18 星期一 下午 4:20:42,http://weibo.com/3531981020/DEvbE5PnA,3
96,95,奶味老干妈,就冲那美味的海鲜，你能让吗 //@Dear-迪丽热巴:中国，一点都不能少，一寸都不会让。,2016-07-12 22:21,2016/7/18 星期一 下午 4:20:42,http://weibo.com/2696028474/DEvuQl48o,3
97,96,Everything迪丽热巴你敢上我吗,鱼干都不给一条//@Dear-迪丽热巴:中国，一点都不能少，一寸都不会让。,2016-07-12 21:45,2016/7/18 星期一 下午 4:20:42,http://weibo.com/1027994171/DEvfWkSAD,3
98,97,D-天才在左疯子在右,一寸不让//@Dear-迪丽热巴:中国，一点都不能少，一寸都不会让。,2016-07-12 21:32,2016/7/18 星期一 下午 4:20:42,http://weibo.com/5220803876/DEvaB4VXc,3
99,98,Daping要为迪丽热巴盖城堡,南海是中国的！一点都不能少！一寸都不会让！//@Dear-迪丽热巴:中国，一点都不能少，一寸都不会让。,2016-07-12 21:53,2016/7/18 星期一 下午 4:20:42,http://weibo.com/5521628938/DEvjnmdFG,3
100,99,berry-lover199412,一滴水都不行//@Dear-迪丽热巴:中国，一点都不能少，一寸都不会让。,2016-07-12 21:34,2016/7/18 星期一 下午 4:20:42,http://weibo.com/5708268370/DEvbE4nqf,3
101,100,亲爱滴白村长,//@Dear-迪丽热巴:中国，一点都不能少，一寸都不会让。,2016-07-12 21:59,2016/7/18 星期一 下午 4:20:42,http://weibo.com/5680811144/DEvlDmAUh,3
102,101,陶昕然,#中国一点都不能少#??//@馬天宇:#中国一点都不能少#,2016-07-12 19:05,2016/7/18 星期一 下午 4:22:12,http://weibo.com/1391230884/DEucTEQag,3
103,102,马天宇微博搬砖队,#中国一点都不能少#??//@馬天宇:#中国一点都不能少#__,2016-07-12 18:00,2016/7/18 星期一 下午 4:22:12,http://weibo.com/5673240621/DEtMU83u8,3
104,103,放开我北鼻,#中国一点都不能少# //@馬天宇:#中国一点都不能少#,2016-07-12 18:37,2016/7/18 星期一 下午 4:22:12,http://weibo.com/5909199266/DEu1IrcGj,3
105,104,马天宇-宇你同行驿站,#中国一点都不能少# 这就是我们所有人的态度。 //@馬天宇:#中国一点都不能少#,2016-07-12 17:57,2016/7/18 星期一 下午 4:22:12,http://weibo.com/1823812650/DEtLsw5ZC,3
106,105,马天宇全球后援会,#中国一点都不能少# //@馬天宇:#中国一点都不能少#,2016-07-12 18:45,2016/7/18 星期一 下午 4:22:12,http://weibo.com/2128716303/DEu4X6ypn,3
107,106,马天宇微博后援会,#中国一点都不能少#??//@馬天宇:#中国一点都不能少#,2016-07-12 17:54,2016/7/18 星期一 下午 4:22:12,http://weibo.com/2457086010/DEtKeD0rG,3
108,107,髙巍_,#中国一点都不能少#//@馬天宇:#中国一点都不能少#,2016-07-12 18:11,2016/7/18 星期一 下午 4:22:12,http://weibo.com/1448339204/DEtQZ4FcA,3
109,108,雨梦中的晴天,#中国一点也不能少##南海是中国的#一滴水也不给//@馬天宇:#中国一点都不能少#,2016-07-12 18:20,2016/7/18 星期一 下午 4:22:12,http://weibo.com/3902772032/DEtUTEeio,3
110,109,坚强的馬天羽,#中国一点都不能少#//@馬天宇:#中国一点都不能少#,2016-07-12 18:01,2016/7/18 星期一 下午 4:22:12,http://weibo.com/5754851598/DEtN30Ahu,3
111,110,Botija, //@专注拉郎三百年://@馬天宇: #中国一点都不能少#,2016-07-12 18:27,2016/7/18 星期一 下午 4:22:12,http://weibo.com/1963361617/DEtXKnRPH,3
112,111,乜T_,//@花于骨: #中国一点都不能少#寸土不让//@胡歌:“有国才有家” 一点不少！ 寸土不让！,2016-07-17 23:01,2016/7/18 星期一 下午 4:48:08,http://weibo.com/5974210032/DFgTe0Myt,4
113,112,乜T_,//@花于骨: #中国一点都不能少#寸土不让//@胡歌:“有国才有家” 一点不少！ 寸土不让！,2016-07-17 23:00,2016/7/18 星期一 下午 4:48:08,http://weibo.com/5974210032/DFgT59LzI,4
114,113,如此不发财天理难容,#中国一点都不能少#//@花于骨4号://@花于骨: #中国一点都不能少#寸土不让//@胡歌:“有国才有家” 一点不少！ 寸土不让！,2016-07-17 14:53,2016/7/18 星期一 下午 4:48:08,http://weibo.com/5834633948/DFdHpB2cb,4
115,114,如此不发财天理难容,#中国一点都不能少##胡歌#//@花于骨4号://@花于骨: #中国一点都不能少#寸土不让//@胡歌:“有国才有家” 一点不少！ 寸土不让！,2016-07-17 14:49,2016/7/18 星期一 下午 4:48:08,http://weibo.com/5834633948/DFdFAoSLK,4
116,115,如此不发财天理难容,//@花于骨4号://@花于骨: #中国一点都不能少#寸土不让//@胡歌:“有国才有家” 一点不少！ 寸土不让！,2016-07-17 14:49,2016/7/18 星期一 下午 4:48:08,http://weibo.com/5834633948/DFdFv5Rcb,4
117,116,豪爽的针织衫,//@花于骨: #中国一点都不能少#寸土不让//@胡歌:“有国才有家” 一点不少！ 寸土不让！,2016-07-17 14:25,2016/7/18 星期一 下午 4:48:09,http://weibo.com/5985486881/DFdvOEZ6t,4
118,117,长不大的草稿本20170,//@花于骨: #中国一点都不能少#寸土不让//@胡歌:“有国才有家” 一点不少！ 寸土不让！,2016-07-17 14:25,2016/7/18 星期一 下午 4:48:09,http://weibo.com/5984402271/DFdvOEZ62,4
119,118,谦虚的略矫情的白晶晶918,//@花于骨: #中国一点都不能少#寸土不让//@胡歌:“有国才有家” 一点不少！ 寸土不让！,2016-07-17 14:25,2016/7/18 星期一 下午 4:48:09,http://weibo.com/5985486305/DFdvODO1A,4
120,119,豪爽的投影仪2011,//@花于骨: #中国一点都不能少#寸土不让//@胡歌:“有国才有家” 一点不少！ 寸土不让！,2016-07-17 14:25,2016/7/18 星期一 下午 4:48:09,http://weibo.com/5983305359/DFdvOpTQI,4
121,120,听水声潺潺rQzMalcolm,//@花于骨: #中国一点都不能少#寸土不让//@胡歌:“有国才有家” 一点不少！ 寸土不让！,2016-07-17 14:25,2016/7/18 星期一 下午 4:48:09,http://weibo.com/1980647307/DFdvOpTpb,4
122,121,喵喵19820920,//@萌猫图图: 支持 //@胡歌:“有国才有家” 一点不少！ 寸土不让！????,2016-07-18 11:30,2016/7/18 星期一 下午 4:50:04,http://weibo.com/1839515512/DFlNhtR20,4
123,122,图图19820920,//@萌猫图图: 支持 //@胡歌:“有国才有家” 一点不少！ 寸土不让！????,2016-07-18 11:30,2016/7/18 星期一 下午 4:50:04,http://weibo.com/1840246200/DFlNhfQOa,4
124,123,yiyi19820920,//@萌猫图图: 支持 //@胡歌:“有国才有家” 一点不少！ 寸土不让！????,2016-07-18 11:30,2016/7/18 星期一 下午 4:50:04,http://weibo.com/1844860894/DFlNg35rL,4
125,124,精分贝贝,//@萌猫图图: 支持 //@胡歌:“有国才有家” 一点不少！ 寸土不让！????,2016-07-18 11:30,2016/7/18 星期一 下午 4:50:04,http://weibo.com/1799941567/DFlNfsBSa,4
126,125,小萌不发财天理难容,//@萌猫图图: 支持 //@胡歌:“有国才有家” 一点不少！ 寸土不让！????,2016-07-18 11:30,2016/7/18 星期一 下午 4:50:04,http://weibo.com/5891360938/DFlNfsAK7,4
127,126,yingying图图,//@萌猫图图: 支持 //@胡歌:“有国才有家” 一点不少！ 寸土不让！????,2016-07-18 11:30,2016/7/18 星期一 下午 4:50:04,http://weibo.com/1846659750/DFlNf95MV,4
128,127,调皮的小熊猫恋歌,//@萌猫图图: 支持 //@胡歌:“有国才有家” 一点不少！ 寸土不让！????,2016-07-18 11:30,2016/7/18 星期一 下午 4:50:04,http://weibo.com/5979179739/DFlNezV6D,4
129,128,柔美的小摩托,//@萌猫图图: 支持 //@胡歌:“有国才有家” 一点不少！ 寸土不让！????,2016-07-18 11:30,2016/7/18 星期一 下午 4:50:04,http://weibo.com/5979172257/DFlNeeUIs,4
130,129,烦恼的苦咖啡55555,//@萌猫图图: 支持 //@胡歌:“有国才有家” 一点不少！ 寸土不让！????,2016-07-18 11:30,2016/7/18 星期一 下午 4:50:04,http://weibo.com/5979179021/DFlNdlFvu,4
131,130,精分贝贝,//@萌猫图图: 支持 //@胡歌:“有国才有家” 一点不少！ 寸土不让！,2016-07-18 11:25,2016/7/18 星期一 下午 4:50:04,http://weibo.com/1799941567/DFlLd00UJ,4
132,131,你们不发财天理难容,#胡歌# #胡歌猎场# #应无所住# #被胡歌打脸# #胡歌长江源环保公益行# #电视剧猎场# #胡歌益起来# @胡歌??//@胡歌数据组:#中国一点都不能少# //@胡歌:“有国才有家” 一点不少！ 寸土不让！,2016-07-12 21:46,2016/7/18 星期一 下午 4:51:32,http://weibo.com/5842650927/DEvguzAqR,4
133,132,纯白色胖次,//@你们不发财天理难容: #胡歌# #胡歌猎场# #应无所住# #被胡歌打脸# #胡歌长江源环保公益行# #电视剧猎场# #胡歌益起来# @胡歌??//@胡歌数据组:#中国一点都不能少# //@胡歌:“有国才有家” 一点不少！ 寸土不让！,2016-07-18 15:40,2016/7/18 星期一 下午 4:51:32,http://weibo.com/2726139021/DFnqMhzHO,4
134,133,邓春夏13,//@你们不发财天理难容: #胡歌# #胡歌猎场# #应无所住# #被胡歌打脸# #胡歌长江源环保公益行# #电视剧猎场# #胡歌益起来# @胡歌??//@胡歌数据组:#中国一点都不能少# //@胡歌:“有国才有家” 一点不少！ 寸土不让！,2016-07-18 15:40,2016/7/18 星期一 下午 4:51:32,http://weibo.com/3205407873/DFnqM3OSn,4
135,134,邓春夏zz,//@你们不发财天理难容: #胡歌# #胡歌猎场# #应无所住# #被胡歌打脸# #胡歌长江源环保公益行# #电视剧猎场# #胡歌益起来# @胡歌??//@胡歌数据组:#中国一点都不能少# //@胡歌:“有国才有家” 一点不少！ 寸土不让！,2016-07-18 15:40,2016/7/18 星期一 下午 4:51:32,http://weibo.com/3866320060/DFnqLsa2u,4
136,135,邓春夏14,//@你们不发财天理难容: #胡歌# #胡歌猎场# #应无所住# #被胡歌打脸# #胡歌长江源环保公益行# #电视剧猎场# #胡歌益起来# @胡歌??//@胡歌数据组:#中国一点都不能少# //@胡歌:“有国才有家” 一点不少！ 寸土不让！,2016-07-18 15:40,2016/7/18 星期一 下午 4:51:32,http://weibo.com/1994718463/DFnqLqX9m,4
137,136,强悍的梦姑82475,//@你们不发财天理难容: #胡歌# #胡歌猎场# #应无所住# #被胡歌打脸# #胡歌长江源环保公益行# #电视剧猎场# #胡歌益起来# @胡歌??//@胡歌数据组:#中国一点都不能少# //@胡歌:“有国才有家” 一点不少！ 寸土不让！,2016-07-18 15:40,2016/7/18 星期一 下午 4:51:32,http://weibo.com/5978071978/DFnqLqWsR,4
138,137,你们不发财天理难容,//@你们不发财天理难容: #胡歌# #胡歌猎场# #应无所住# #被胡歌打脸# #胡歌长江源环保公益行# #电视剧猎场# #胡歌益起来# @胡歌??//@胡歌数据组:#中国一点都不能少# //@胡歌:“有国才有家” 一点不少！ 寸土不让！,2016-07-18 15:40,2016/7/18 星期一 下午 4:51:32,http://weibo.com/5842650927/DFnqLqD47,4
139,138,胡子拉碴的姜云凡885,//@你们不发财天理难容: #胡歌# #胡歌猎场# #应无所住# #被胡歌打脸# #胡歌长江源环保公益行# #电视剧猎场# #胡歌益起来# @胡歌??//@胡歌数据组:#中国一点都不能少# //@胡歌:“有国才有家” 一点不少！ 寸土不让！,2016-07-18 15:40,2016/7/18 星期一 下午 4:51:32,http://weibo.com/5979197223/DFnqLpBLG,4
140,139,可爱多感性的辣妈,//@你们不发财天理难容: #胡歌# #胡歌猎场# #应无所住# #被胡歌打脸# #胡歌长江源环保公益行# #电视剧猎场# #胡歌益起来# @胡歌??//@胡歌数据组:#中国一点都不能少# //@胡歌:“有国才有家” 一点不少！ 寸土不让！,2016-07-18 15:40,2016/7/18 星期一 下午 4:51:32,http://weibo.com/5978071495/DFnqL6JfI,4
141,140,移动客户2287941885,//@你们不发财天理难容: #胡歌# #胡歌猎场# #应无所住# #被胡歌打脸# #胡歌长江源环保公益行# #电视剧猎场# #胡歌益起来# @胡歌??//@胡歌数据组:#中国一点都不能少# //@胡歌:“有国才有家” 一点不少！ 寸土不让！,2016-07-18 15:40,2016/7/18 星期一 下午 4:51:32,http://weibo.com/2287941885/DFnqHBdEE,4
142,141,乜T_,//@胡歌爱吃的牛油果_帝王椒: #中国一点都不能少# 中国领土神圣不可侵犯寸土必争！//@胡歌:“有国才有家” 一点不少！ 寸土不让！,2016-07-17 23:01,2016/7/18 星期一 下午 4:52:59,http://weibo.com/5974210032/DFgTbkXdX,4
143,142,气宇轩昂的诸葛,//@胡歌爱吃的牛油果_帝王椒: #中国一点都不能少# 中国领土神圣不可侵犯寸土必争！//@胡歌:“有国才有家” 一点不少！ 寸土不让！,2016-07-15 09:00,2016/7/18 星期一 下午 4:52:59,http://weibo.com/5978659960/DESwVwNAA,4
144,143,胡喵喵的向日葵,//@胡歌爱吃的牛油果_帝王椒: #中国一点都不能少# 中国领土神圣不可侵犯寸土必争！//@胡歌:“有国才有家” 一点不少！ 寸土不让！,2016-07-15 09:00,2016/7/18 星期一 下午 4:52:59,http://weibo.com/5817320982/DESwVwNwj,4
145,144,豪爽的路灯,//@胡歌爱吃的牛油果_帝王椒: #中国一点都不能少# 中国领土神圣不可侵犯寸土必争！//@胡歌:“有国才有家” 一点不少！ 寸土不让！,2016-07-15 09:00,2016/7/18 星期一 下午 4:52:59,http://weibo.com/5978946303/DESwVvlty,4
146,145,发呆的蛋挞199011,//@胡歌爱吃的牛油果_帝王椒: #中国一点都不能少# 中国领土神圣不可侵犯寸土必争！//@胡歌:“有国才有家” 一点不少！ 寸土不让！,2016-07-15 09:00,2016/7/18 星期一 下午 4:52:59,http://weibo.com/5978946535/DESwVhCMJ,4
147,146,着急的香烟,//@胡歌爱吃的牛油果_帝王椒: #中国一点都不能少# 中国领土神圣不可侵犯寸土必争！//@胡歌:“有国才有家” 一点不少！ 寸土不让！,2016-07-15 09:00,2016/7/18 星期一 下午 4:52:59,http://weibo.com/5978945931/DESwVhBQb,4
148,147,在那云深不知处,//@胡歌爱吃的牛油果_帝王椒: #中国一点都不能少# 中国领土神圣不可侵犯寸土必争！//@胡歌:“有国才有家” 一点不少！ 寸土不让！,2016-07-15 09:00,2016/7/18 星期一 下午 4:52:59,http://weibo.com/2942761507/DESwVhAH1,4
149,148,香车美人胡喵喵,//@胡歌爱吃的牛油果_帝王椒: #中国一点都不能少# 中国领土神圣不可侵犯寸土必争！//@胡歌:“有国才有家” 一点不少！ 寸土不让！,2016-07-15 09:00,2016/7/18 星期一 下午 4:52:59,http://weibo.com/5870351425/DESwVfcdq,4
150,149,白兰帝燕麦胡,//@胡歌爱吃的牛油果_帝王椒: #中国一点都不能少# 中国领土神圣不可侵犯寸土必争！//@胡歌:“有国才有家” 一点不少！ 寸土不让！,2016-07-15 09:00,2016/7/18 星期一 下午 4:52:59,http://weibo.com/5976426745/DESwRpcrd,4
151,150,人比花娇胡喵喵,//@胡歌爱吃的牛油果_帝王椒: #中国一点都不能少# 中国领土神圣不可侵犯寸土必争！//@胡歌:“有国才有家” 一点不少！ 寸土不让！,2016-07-15 09:00,2016/7/18 星期一 下午 4:52:59,http://weibo.com/5869798369/DESwR5rGs,4
152,151,云起的守候,#中国一点都不能少# “有国才有家”，无论林觉民还是戴涛，无论明台还是胡歌，无论角色还是我们，都是生于斯长于斯也会扎根于斯的中华儿女，我们的家，寸土不让！ //@蓝蓝花:你演过林觉民，演过戴涛演过明台你最知道有国才有家爱我中华无论过去现在还是将来//@胡歌:“有国才有家” 一点不少寸土不让,2016-07-12 22:36,2016/7/18 星期一 下午 4:54:46,http://weibo.com/1680774341/DEvAGeN0F,4
153,152,古月的风儿,//@蓝蓝花:#中国一点都不能少# 你演过林觉民，演过戴涛，演过明台，你最知道有国才有家～爱我中华，无论过去、现在，还是将来～//@胡歌:“有国才有家” 一点不少！ 寸土不让！,2016-07-12 22:37,2016/7/18 星期一 下午 4:54:46,http://weibo.com/1658570517/DEvB10LxN,4
154,153,淡墨山水梅香如故,#中国一点都不能少# 爱我中华！保卫我的家园！//@蓝蓝花:#中国一点都不能少# 你演过林觉民，演过戴涛，演过明台，你最知道有国才有家～爱我中华，无论过去、现在，还是将来～//@胡歌:“有国才有家” 一点不少！ 寸土不让！,2016-07-15 18:07,2016/7/18 星期一 下午 4:54:46,http://weibo.com/5830895468/DEW6Tt7ye,4
155,154,陌浅笙歌,#胡歌#一点不能少//@蓝蓝花:#中国一点都不能少# 你演过林觉民，演过戴涛，演过明台，你最知道有国才有家～爱我中华，无论过去、现在，还是将来～//@胡歌:“有国才有家” 一点不少！ 寸土不让！,2016-07-14 22:27,2016/7/18 星期一 下午 4:54:46,http://weibo.com/5128311550/DEOo62SYv,4
156,155,江左盟_萌主, //@蓝蓝花:#中国一点都不能少# 你演过林觉民，演过戴涛，演过明台，你最知道有国才有家～爱我中华，无论过去、现在，还是将来～//@胡歌:“有国才有家” 一点不少！ 寸土不让！,2016-07-14 21:50,2016/7/18 星期一 下午 4:54:46,http://weibo.com/1787461490/DEO96s9qt,4
157,156,如梦似幻懿儿, //@蓝蓝花:#中国一点都不能少# 你演过林觉民，演过戴涛，演过明台，你最知道有国才有家～爱我中华，无论过去、现在，还是将来～//@胡歌:“有国才有家” 一点不少！ 寸土不让！,2016-07-14 16:10,2016/7/18 星期一 下午 4:54:46,http://weibo.com/1797074697/DELUUCQrD,4
158,157,精分小龙虾, //@蓝蓝花:#中国一点都不能少# 你演过林觉民，演过戴涛，演过明台，你最知道有国才有家～爱我中华，无论过去、现在，还是将来～//@胡歌:“有国才有家” 一点不少！ 寸土不让！,2016-07-14 15:37,2016/7/18 星期一 下午 4:54:46,http://weibo.com/1797506601/DELHPtytS,4
159,158,30号的20号,//@蓝蓝花: #中国一点都不能少# 你演过林觉民，演过戴涛，演过明台，你最知道有国才有家～爱我中华，无论过去、现在，还是将来～//@胡歌:“有国才有家” 一点不少！ 寸土不让！,2016-07-14 14:11,2016/7/18 星期一 下午 4:54:46,http://weibo.com/2826084911/DEL8GgksK,4
160,159,古月雪染,犯我中华者，虽远必诛//@蓝蓝花:#中国一点都不能少# 你演过林觉民，演过戴涛，演过明台，你最知道有国才有家～爱我中华，无论过去、现在，还是将来～//@胡歌:“有国才有家” 一点不少！ 寸土不让！,2016-07-14 14:08,2016/7/18 星期一 下午 4:54:46,http://weibo.com/3088906765/DEL7sl8mK,4
161,160,古月的蘑菇头,//@史蒂芬-球员胡歌://@古月的风儿://@蓝蓝花:#中国一点都不能少# 你演过林觉民，演过戴涛，演过明台，你最知道有国才有家～爱我中华，无论过去、现在，还是将来～//@胡歌:“有国才有家” 一点不少！ 寸土不让！,2016-07-14 11:58,2016/7/18 星期一 下午 4:54:46,http://weibo.com/2038778681/DEKgDokoP,4
162,161,春夏秋冬不发财天理难容,-//@云起的守候: #中国一点也不能少# 国家主权，不容侵犯。中国 ，一点也不能少，一寸也不会让 ??犯我中华者，虽远必诛  ！#胡歌# @胡歌 //@胡歌:“有国才有家” 一点不少！ 寸土不让！,2016-07-13 00:23,2016/7/18 星期一 下午 4:56:14,http://weibo.com/5677741703/DEwi3zFt9,4
163,162,淡墨山水梅香如故,#中国一点都不能少# “有国才有家”保卫家园寸土不让！！  //@云起的守候: #中国一点也不能少# 国家主权，不容侵犯。中国 ，一点也不能少，一寸也不会让 ??犯我中华者，虽远必诛  ！#胡歌# @胡歌 //@胡歌:“有国才有家” 一点不少！ 寸土不让！,2016-07-15 18:02,2016/7/18 星期一 下午 4:56:14,http://weibo.com/5830895468/DEW4SvE9t,4
164,163,精分小龙虾, //@云起的守候: #中国一点也不能少# 国家主权，不容侵犯。中国 ，一点也不能少，一寸也不会让 ??犯我中华者，虽远必诛  ！#胡歌# @胡歌 //@胡歌:“有国才有家” 一点不少！ 寸土不让！,2016-07-14 15:38,2016/7/18 星期一 下午 4:56:14,http://weibo.com/1797506601/DELHRyCmA,4
165,164,萌猫图图,在领土问题上不会有一丝一毫的退让。中国一点都不能少//@云起的守候: #中国一点也不能少# 国家主权，不容侵犯。中国 ，一点也不能少，一寸也不会让 ??犯我中华者，虽远必诛  ！#胡歌# @胡歌 //@胡歌:“有国才有家” 一点不少！ 寸土不让！,2016-07-13 15:10,2016/7/18 星期一 下午 4:56:14,http://weibo.com/5754764111/DEC6n1zNe,4
166,165,萌猫图图, //@云起的守候: #中国一点也不能少# 国家主权，不容侵犯。中国 ，一点也不能少，一寸也不会让 ??犯我中华者，虽远必诛  ！#胡歌# @胡歌 //@胡歌:“有国才有家” 一点不少！ 寸土不让！,2016-07-13 15:09,2016/7/18 星期一 下午 4:56:14,http://weibo.com/5754764111/DEC5NyGQQ,4
167,166,我是你的关键,s//@春夏秋冬不发财天理难容:z//@春夏秋冬不发财天理难容:-//@云起的守候: #中国一点也不能少# 国家主权，不容侵犯。中国 ，一点也不能少，一寸也不会让 ??犯我中华者，虽远必诛  ！#胡歌# @胡歌 //@胡歌:“有国才有家” 一点不少！ 寸土不让！,2016-07-13 14:31,2016/7/18 星期一 下午 4:56:14,http://weibo.com/5979221524/DEBQhb8LL,4
168,167,我是你的关键,p//@春夏秋冬不发财天理难容:z//@春夏秋冬不发财天理难容:-//@云起的守候: #中国一点也不能少# 国家主权，不容侵犯。中国 ，一点也不能少，一寸也不会让 ??犯我中华者，虽远必诛  ！#胡歌# @胡歌 //@胡歌:“有国才有家” 一点不少！ 寸土不让！,2016-07-13 14:30,2016/7/18 星期一 下午 4:56:14,http://weibo.com/5979221524/DEBQanRzt,4
169,168,月月不发财天理难容1838,20//@maomao爱猫猫:#中国一点都不能少#有国才有家！//@胡歌:“有国才有家” 一点不少！ 寸土不让！,2016-07-12 21:54,2016/7/18 星期一 下午 4:57:50,http://weibo.com/5869657487/DEvjR9pPX,4
170,169,月月不发财天理难容1838,11//@maomao爱猫猫:#中国一点都不能少#有国才有家！//@胡歌:“有国才有家” 一点不少！ 寸土不让！,2016-07-18 06:41,2016/7/18 星期一 下午 4:57:50,http://weibo.com/5869657487/DFjUbjLuo,4
171,170,月月不发财天理难容1838,18//@maomao爱猫猫:#中国一点都不能少#有国才有家！//@胡歌:“有国才有家” 一点不少！ 寸土不让！,2016-07-18 06:41,2016/7/18 星期一 下午 4:57:50,http://weibo.com/5869657487/DFjU9c7NK,4
172,171,吴龙Crazy锐,//@吴龙Crazy锐: //@maomao爱猫猫: #中国一点都不能少#有国才有家！//@胡歌:“有国才有家” 一点不少！ 寸土不让！,2016-07-16 19:02,2016/7/18 星期一 下午 4:57:50,http://weibo.com/5931192156/DF5TY4vd8,4
173,172,吴龙Crazy锐,//@吴龙Crazy锐: //@maomao爱猫猫: #中国一点都不能少#有国才有家！//@胡歌:“有国才有家” 一点不少！ 寸土不让！,2016-07-16 19:02,2016/7/18 星期一 下午 4:57:50,http://weibo.com/5931192156/DF5TV75JA,4
174,173,zengweizhe蔓,//@zengweizhe蔓: //@maomao爱猫猫: #中国一点都不能少#有国才有家！//@胡歌:“有国才有家” 一点不少！ 寸土不让！,2016-07-16 19:01,2016/7/18 星期一 下午 4:57:50,http://weibo.com/5930375134/DF5TzwXPg,4
175,174,zengweizhe蔓,//@zengweizhe蔓: //@maomao爱猫猫: #中国一点都不能少#有国才有家！//@胡歌:“有国才有家” 一点不少！ 寸土不让！,2016-07-16 19:01,2016/7/18 星期一 下午 4:57:50,http://weibo.com/5930375134/DF5TwyK7f,4
176,175,常蕊爽_jwc宙,//@常蕊爽_jwc宙: //@maomao爱猫猫: #中国一点都不能少#有国才有家！//@胡歌:“有国才有家” 一点不少！ 寸土不让！,2016-07-16 18:31,2016/7/18 星期一 下午 4:57:50,http://weibo.com/5946173946/DF5HpacOW,4
177,176,常蕊爽_jwc宙,//@常蕊爽_jwc宙: //@maomao爱猫猫: #中国一点都不能少#有国才有家！//@胡歌:“有国才有家” 一点不少！ 寸土不让！,2016-07-16 18:31,2016/7/18 星期一 下午 4:57:50,http://weibo.com/5946173946/DF5HmtaXp,4
178,177,蕙慧蕙夕秋,//@蕙慧蕙夕秋: //@maomao爱猫猫: #中国一点都不能少#有国才有家！//@胡歌:“有国才有家” 一点不少！ 寸土不让！,2016-07-16 18:30,2016/7/18 星期一 下午 4:57:50,http://weibo.com/5945362514/DF5H2EviO,4
179,178,醒醒AIHUGE,中国一点都不能少 //@胡歌贴吧官方微博:#中国一点都不能少#//@胡歌:“有国才有家” 一点不少！ 寸土不让！,2016-07-12 22:02,2016/7/18 星期一 下午 5:00:24,http://weibo.com/3285472031/DEvmNwL1S,4
180,179,毛茛47,一点不能少//@胡歌贴吧官方微博:#中国一点都不能少#//@胡歌:“有国才有家” 一点不少！ 寸土不让！,2016-07-13 08:33,2016/7/18 星期一 下午 5:00:24,http://weibo.com/2078602521/DEzuYv8H3,4
181,180,凯妮诗,//@胡歌贴吧官方微博:#中国一点都不能少#//@胡歌:“有国才有家” 一点不少！ 寸土不让！,2016-07-16 19:38,2016/7/18 星期一 下午 5:00:24,http://weibo.com/5829451395/DF68zbkSp,4
182,181,Anno煜誉,#胡歌#//@胡歌贴吧官方微博:#中国一点都不能少#//@胡歌:“有国才有家” 一点不少！ 寸土不让！,2016-07-15 23:15,2016/7/18 星期一 下午 5:00:24,http://weibo.com/5619526903/DEY863Q1F,4
183,182,手机用户2883172625,//@林儿不发财天理难容: #中国一点都不能少#//@胡歌:“有国才有家” 一点不少！ 寸土不让！,2016-07-18 16:55,2016/7/18 星期一 下午 5:01:58,http://weibo.com/2883172625/DFnVb0pLf,4
184,183,手机用户2894239721,//@林儿不发财天理难容: #中国一点都不能少#//@胡歌:“有国才有家” 一点不少！ 寸土不让！,2016-07-18 16:55,2016/7/18 星期一 下午 5:01:58,http://weibo.com/2894239721/DFnVaFiKx,4
185,184,手机用户2077086387,//@林儿不发财天理难容: #中国一点都不能少#//@胡歌:“有国才有家” 一点不少！ 寸土不让！,2016-07-18 16:55,2016/7/18 星期一 下午 5:01:58,http://weibo.com/2077086387/DFnVaET6x,4
186,185,爱旅游的明日香,//@林儿不发财天理难容: #中国一点都不能少#//@胡歌:“有国才有家” 一点不少！ 寸土不让！,2016-07-18 16:55,2016/7/18 星期一 下午 5:01:58,http://weibo.com/5978070831/DFnVaCUXS,4
187,186,阳光的佛珠11,//@林儿不发财天理难容: #中国一点都不能少#//@胡歌:“有国才有家” 一点不少！ 寸土不让！,2016-07-18 16:55,2016/7/18 星期一 下午 5:01:58,http://weibo.com/5979195037/DFnVaCUMZ,4
188,187,害羞的哈维尔,//@林儿不发财天理难容: #中国一点都不能少#//@胡歌:“有国才有家” 一点不少！ 寸土不让！,2016-07-18 16:55,2016/7/18 星期一 下午 5:01:58,http://weibo.com/5982103120/DFnVaCUGS,4
189,188,手机用户1918550795,//@林儿不发财天理难容: #中国一点都不能少#//@胡歌:“有国才有家” 一点不少！ 寸土不让！,2016-07-18 16:55,2016/7/18 星期一 下午 5:01:58,http://weibo.com/1918550795/DFnVaCIvh,4
190,189,手机用户2505339765,//@林儿不发财天理难容: #中国一点都不能少#//@胡歌:“有国才有家” 一点不少！ 寸土不让！,2016-07-18 16:55,2016/7/18 星期一 下午 5:01:58,http://weibo.com/2505339765/DFnVa4MO8,4
191,190,手机用户2395317803,//@林儿不发财天理难容: #中国一点都不能少#//@胡歌:“有国才有家” 一点不少！ 寸土不让！,2016-07-18 16:55,2016/7/18 星期一 下午 5:01:58,http://weibo.com/2395317803/DFnV9vsiC,4
192,191,不爱学习的热水瓶20110,//@林儿不发财天理难容: #中国一点都不能少#//@胡歌:“有国才有家” 一点不少！ 寸土不让！,2016-07-18 16:55,2016/7/18 星期一 下午 5:01:58,http://weibo.com/5978944695/DFnV9u0jn,4
193,192,QQ壁咚SQ,#南海是中国的#??//@日宣小组SongQian:#中国一点都不能少#这才是中国，一点都不能少。??//@宋茜:这才是中国，一点都不能少。,2016-07-12 19:43,2016/7/18 星期一 下午 5:03:27,http://weibo.com/1720050433/DEusxub5V,4
194,193,根正苗红的香菜,#中国一点都不能少##南海是中国的#//@日宣小组SongQian:#中国一点都不能少#这才是中国，一点都不能少。??//@宋茜:这才是中国，一点都不能少。,2016-07-12 17:42,2016/7/18 星期一 下午 5:03:27,http://weibo.com/3836547693/DEtFtaWEy,4
195,194,Dearsnow0202,#南海是中国的#。//@日宣小组SongQian:#中国一点都不能少#这才是中国，一点都不能少。??//@宋茜:这才是中国，一点都不能少。,2016-07-12 17:29,2016/7/18 星期一 下午 5:03:27,http://weibo.com/1942850805/DEtAj9Pph,4
196,195,Im_stilllovingyou,//@日宣小组SongQian:#中国一点都不能少#这才是中国，一点都不能少。??//@宋茜:这才是中国，一点都不能少。,2016-07-13 17:51,2016/7/18 星期一 下午 5:03:27,http://weibo.com/5828613814/DED9Jr3l4,4
197,196,HappyDay-小乐天,一点都不能少。 //@日宣小组SongQian:#中国一点都不能少#这才是中国，一点都不能少。??//@宋茜:这才是中国，一点都不能少。,2016-07-12 18:11,2016/7/18 星期一 下午 5:03:27,http://weibo.com/5336731132/DEtR5y1Ps,4
198,197,我有一个梨丶, //@日宣小组SongQian:#中国一点都不能少#这才是中国，一点都不能少。??//@宋茜:这才是中国，一点都不能少。,2016-07-14 22:00,2016/7/18 星期一 下午 5:03:27,http://weibo.com/2254275844/DEOcWATuU,4
199,198,Song_Y_Qian,#中国一点都不能少# #南海是中国的# 一点都不能少！！ //@日宣小组SongQian:#中国一点都不能少#这才是中国，一点都不能少。??//@宋茜:这才是中国，一点都不能少。,2016-07-12 17:28,2016/7/18 星期一 下午 5:03:27,http://weibo.com/3192611914/DEtzRDELM,4
200,199,一枚硬币的音符,#中国一点都不能少#//@日宣小组SongQian:#中国一点都不能少#这才是中国，一点都不能少。??//@宋茜:这才是中国，一点都不能少。,2016-07-12 17:40,2016/7/18 星期一 下午 5:03:27,http://weibo.com/2818868627/DEtEuzDa1,4
201,200,麦田里的雾,//@日宣小组SongQian: #中国一点都不能少#这才是中国，一点都不能少。??//@宋茜:这才是中国，一点都不能少。,2016-07-15 16:05,2016/7/18 星期一 下午 5:03:27,http://weibo.com/2000382911/DEVjx66kE,4
202,201,宋茜会发光呐,#中国一点都不能少#//@日宣小组SongQian:#中国一点都不能少#这才是中国，一点都不能少。??//@宋茜:这才是中国，一点都不能少。,2016-07-12 18:38,2016/7/18 星期一 下午 5:03:27,http://weibo.com/5955391589/DEu22yeHc,4
203,202,要陪boss宇宙旅行的瓶子,#中国一点都不能少#  //@宋茜吧_VictoriaBar:中国一点都不能少，该是我们的，寸土必保！//@宋茜: 这才是中国，一点都不能少。,2016-07-12 17:49,2016/7/18 星期一 下午 5:04:46,http://weibo.com/3590665227/DEtIjdCr0,4
204,203,白板宋小茜, //@宋茜吧_VictoriaBar:中国一点都不能少，该是我们的，寸土必保！//@宋茜: 这才是中国，一点都不能少。,2016-07-12 18:07,2016/7/18 星期一 下午 5:04:46,http://weibo.com/2234875701/DEtPAcQJ6,4
205,204,870202-兔子,//@宋茜吧_VictoriaBar:中国一点都不能少，该是我们的，寸土必保！//@宋茜: 这才是中国，一点都不能少。,2016-07-13 12:16,2016/7/18 星期一 下午 5:04:46,http://weibo.com/5464639697/DEAXLD9Gs,4
206,205,我是茜宝的小白脸,//@宋茜吧_VictoriaBar:中国一点都不能少，该是我们的，寸土必保！//@宋茜: 这才是中国，一点都不能少。,2016-07-16 02:41,2016/7/18 星期一 下午 5:04:46,http://weibo.com/5106488800/DEZtG5ELa,4
207,206,MeU_她是V_J是她,#中国一点都不能少#//@宋茜吧_VictoriaBar:中国一点都不能少，该是我们的，寸土必保！//@宋茜: 这才是中国，一点都不能少。,2016-07-12 18:44,2016/7/18 星期一 下午 5:04:46,http://weibo.com/3899827470/DEu4Lk8qJ,4
208,207,宋氏木青寞,#宋茜##宋茜幻城#//@宋茜吧_VictoriaBar:中国一点都不能少，该是我们的，寸土必保！//@宋茜: 这才是中国，一点都不能少。,2016-07-15 22:06,2016/7/18 星期一 下午 5:04:46,http://weibo.com/2654982501/DEXGb5bxi,4
209,208,查森二十二,//@宋茜吧_VictoriaBar:中国一点都不能少，该是我们的，寸土必保！//@宋茜: 这才是中国，一点都不能少。,2016-07-12 17:36,2016/7/18 星期一 下午 5:04:46,http://weibo.com/2129202590/DEtCVEb12,4
210,209,复杂的是人心ii,//@宋茜吧_VictoriaBar:中国一点都不能少，该是我们的，寸土必保！//@宋茜: 这才是中国，一点都不能少。,2016-07-18 12:34,2016/7/18 星期一 下午 5:04:46,http://weibo.com/2144226814/DFmdiAycO,4
211,210,复杂的是人心ii,//@宋茜吧_VictoriaBar:中国一点都不能少，该是我们的，寸土必保！//@宋茜: 这才是中国，一点都不能少。,2016-07-18 12:28,2016/7/18 星期一 下午 5:04:46,http://weibo.com/2144226814/DFmaUhlUF,4
212,211,xxxx0202,//@宋茜吧_VictoriaBar:中国一点都不能少，该是我们的，寸土必保！//@宋茜: 这才是中国，一点都不能少。,2016-07-18 11:23,2016/7/18 星期一 下午 5:04:46,http://weibo.com/2458930240/DFlKsCcc5,4
213,212,870202-兔子,中国一点都不能少//@宋茜工作室: 这才是中国，一点都不能少 //@宋茜:这才是中国，一点都不能少。,2016-07-14 09:03,2016/7/18 星期一 下午 5:05:56,http://weibo.com/5464639697/DEJ7G87AW,4
214,213,WithQian宋茜陪伴站,#中国一点都不能少# 中国，一点都不能少，寸土必争。 //@宋茜工作室:这才是中国，一点都不能少 //@宋茜:这才是中国，一点都不能少。,2016-07-12 18:13,2016/7/18 星期一 下午 5:05:56,http://weibo.com/1775052081/DEtRU2NoA,4
215,214,唯茜后花园Bra,“明年高考的盆友赶快去了解一下菲律宾，搞不好明年就成为中国最南边城市了。”//@宋茜工作室:这才是中国，一点都不能少 //@宋茜:这才是中国，一点都不能少。,2016-07-12 18:09,2016/7/18 星期一 下午 5:05:56,http://weibo.com/3136853841/DEtQxy5BP,4
216,215,日宣小组SongQian,再强调一次，现在要做的,2016-07-12 22:41,2016/7/18 星期一 下午 5:05:56,http://weibo.com/3868084598/DEvCE39px,4
217,216,One-and-Only宋茜唯一站,#中国一点都不能少# 寸土不让，皮下有预感，这将是美国在东亚海上霸权衰落的转折点 //@宋茜工作室:这才是中国，一点都不能少 //@宋茜:这才是中国，一点都不能少。,2016-07-12 18:21,2016/7/18 星期一 下午 5:05:56,http://weibo.com/5390383255/DEtV5cgKP,4
218,217,谱啊谱,来轮！ //@宋茜工作室:这才是中国，一点都不能少 //@宋茜:这才是中国，一点都不能少。,2016-07-12 18:16,2016/7/18 星期一 下午 5:05:56,http://weibo.com/1748205714/DEtT0EfZI,4
219,218,爱你的六年,#中国一点都不能少# 继续，海外无法帮忙，国内好好干活//@宋茜工作室: 这才是中国，一点都不能少 //@宋茜:这才是中国，一点都不能少。,2016-07-13 17:48,2016/7/18 星期一 下午 5:05:56,http://weibo.com/3375384732/DED8cfMft,4
220,219,HappyDay-小乐天,一点都不能少。 //@宋茜工作室:这才是中国，一点都不能少 //@宋茜:这才是中国，一点都不能少。,2016-07-12 18:10,2016/7/18 星期一 下午 5:05:56,http://weibo.com/5336731132/DEtQIaXEN,4
221,220,阿宋的香菜唯,//@阿宋的香菜唯:顶//@宋茜工作室:这才是中国，一点都不能少 //@宋茜:这才是中国，一点都不能少。,2016-07-12 18:24,2016/7/18 星期一 下午 5:05:56,http://weibo.com/5382229871/DEtWmo9FW,4
222,221,复杂的是人心ii,//@宋茜工作室:这才是中国，一点都不能少 //@宋茜:这才是中国，一点都不能少。,2016-07-18 12:34,2016/7/18 星期一 下午 5:05:56,http://weibo.com/2144226814/DFmdouqPR,4
223,222,香菜宝宝yuer,//@送阳光V: #中国一点都不能少#//@宋茜:这才是中国，一点都不能少。,2016-07-18 01:47,2016/7/18 星期一 下午 5:07:25,http://weibo.com/5969787516/DFhYL730j,4
224,223,0202阳光宋绿,ff//@送阳光V:#中国一点都不能少#//@宋茜:这才是中国，一点都不能少。,2016-07-17 21:46,2016/7/18 星期一 下午 5:07:25,http://weibo.com/5978659701/DFgoKlMX6,4
225,224,0202宋茜青,jh//@送阳光V:#中国一点都不能少#//@宋茜:这才是中国，一点都不能少。,2016-07-17 21:42,2016/7/18 星期一 下午 5:07:25,http://weibo.com/5944458693/DFgnjFIAU,4
226,225,0202宋茜青,yg//@送阳光V:#中国一点都不能少#//@宋茜:这才是中国，一点都不能少。,2016-07-17 21:42,2016/7/18 星期一 下午 5:07:25,http://weibo.com/5944458693/DFgnicsl1,4
227,226,梨落梨落蓝,jh//@送阳光V:#中国一点都不能少#//@宋茜:这才是中国，一点都不能少。,2016-07-17 21:37,2016/7/18 星期一 下午 5:07:25,http://weibo.com/5974425979/DFglo3TvQ,4
228,227,梨落梨落蓝,qw//@送阳光V:#中国一点都不能少#//@宋茜:这才是中国，一点都不能少。,2016-07-17 21:37,2016/7/18 星期一 下午 5:07:25,http://weibo.com/5974425979/DFgllEulu,4
229,228,宋茜梨落梨落宋茜红,juh//@送阳光V:#中国一点都不能少#//@宋茜:这才是中国，一点都不能少。,2016-07-17 21:32,2016/7/18 星期一 下午 5:07:25,http://weibo.com/5312573810/DFgjfnbou,4
230,229,宋茜梨落梨落宋茜红,uj//@送阳光V:#中国一点都不能少#//@宋茜:这才是中国，一点都不能少。,2016-07-17 21:32,2016/7/18 星期一 下午 5:07:25,http://weibo.com/5312573810/DFgjdgewx,4
231,230,0202阳光宋绿,//@送阳光V:#中国一点都不能少#//@宋茜:这才是中国，一点都不能少。,2016-07-17 20:17,2016/7/18 星期一 下午 5:07:25,http://weibo.com/5978659701/DFfONstSS,4
232,231,0202阳光宋绿,ksij//@送阳光V:#中国一点都不能少#//@宋茜:这才是中国，一点都不能少。,2016-07-17 20:17,2016/7/18 星期一 下午 5:07:25,http://weibo.com/5978659701/DFfOKvzbf,4
233,232,小妮子名字还没想好,//@我是一根小香菜0202://@浅水小鱼2222:#中国一点都不能少#//@宋茜:这才是中国，一点都不能少。,2016-07-17 18:41,2016/7/18 星期一 下午 5:08:32,http://weibo.com/5655799613/DFfbN7iil,4
234,233,我是一根小香菜0202,//@浅水小鱼2222:#中国一点都不能少#//@宋茜:这才是中国，一点都不能少。,2016-07-17 18:30,2016/7/18 星期一 下午 5:08:32,http://weibo.com/5960804067/DFf7yaBZc,4
235,234,sudjdn,2250@宋茜 ?#宋茜# #宋茜幻城# #宋茜梨落#??//@浅水小鱼2222:#中国一点都不能少#//@宋茜:这才是中国，一点都不能少。,2016-07-17 17:53,2016/7/18 星期一 下午 5:08:32,http://weibo.com/3280907600/DFeSdwLvd,4
236,235,sudjdn,2249 //@浅水小鱼2222:#中国一点都不能少#//@宋茜:这才是中国，一点都不能少。,2016-07-17 17:52,2016/7/18 星期一 下午 5:08:32,http://weibo.com/3280907600/DFeS7Diok,4
237,236,sudjdn,2248#宋茜# #宋茜幻城# #宋茜梨落#??//@浅水小鱼2222:#中国一点都不能少#//@宋茜:这才是中国，一点都不能少。,2016-07-17 17:52,2016/7/18 星期一 下午 5:08:32,http://weibo.com/3280907600/DFeS5z95U,4
238,237,sudjdn,2247 //@浅水小鱼2222:#中国一点都不能少#//@宋茜:这才是中国，一点都不能少。,2016-07-17 17:52,2016/7/18 星期一 下午 5:08:32,http://weibo.com/3280907600/DFeS17S9f,4
239,238,sudjdn,2246 //@浅水小鱼2222:#中国一点都不能少#//@宋茜:这才是中国，一点都不能少。,2016-07-17 17:52,2016/7/18 星期一 下午 5:08:32,http://weibo.com/3280907600/DFeRZ567U,4
240,239,sudjdn,2245#宋茜# #宋茜幻城# #宋茜梨落#??么么么 //@浅水小鱼2222:#中国一点都不能少#//@宋茜:这才是中国，一点都不能少。,2016-07-17 17:52,2016/7/18 星期一 下午 5:08:32,http://weibo.com/3280907600/DFeRW6iNS,4
241,240,BeLinda学数学,//@浅水小鱼2222:#中国一点都不能少#//@宋茜:这才是中国，一点都不能少。,2016-07-16 12:58,2016/7/18 星期一 下午 5:08:32,http://weibo.com/3866595405/DF3w47SLe,4
242,241,浅水小鱼22,//@浅水小鱼2222: #中国一点都不能少#//@宋茜:这才是中国，一点都不能少。,2016-07-16 12:28,2016/7/18 星期一 下午 5:08:32,http://weibo.com/2855124181/DF3jZ3qQR,4
243,242,sudjdn,整数小天使上线 //@我有一个梨丶:这才是中国，一点都不能少。 //@宋茜:这才是中国，一点都不能少。,2016-07-17 17:51,2016/7/18 星期一 下午 5:09:59,http://weibo.com/3280907600/DFeRG8la3,4
244,243,sudjdn,59 梨落#宋茜# #宋茜幻城# #宋茜梨落#??//@我有一个梨丶:这才是中国，一点都不能少。 //@宋茜:这才是中国，一点都不能少。,2016-07-17 17:51,2016/7/18 星期一 下午 5:09:59,http://weibo.com/3280907600/DFeRzC1Qj,4
245,244,sudjdn,58 星星泪 //@我有一个梨丶:这才是中国，一点都不能少。 //@宋茜:这才是中国，一点都不能少。,2016-07-17 17:51,2016/7/18 星期一 下午 5:09:59,http://weibo.com/3280907600/DFeRulfkX,4
246,245,sudjdn, //@我有一个梨丶:这才是中国，一点都不能少。 //@宋茜:这才是中国，一点都不能少。,2016-07-17 17:51,2016/7/18 星期一 下午 5:09:59,http://weibo.com/3280907600/DFeRookKZ,4
247,246,BeLinda学数学,//@我有一个梨丶:这才是中国，一点都不能少。 //@宋茜:这才是中国，一点都不能少。,2016-07-16 12:58,2016/7/18 星期一 下午 5:09:59,http://weibo.com/3866595405/DF3w69FJy,4
248,247,茜在我心木青寞,//@心海梨落木青寞://@小妮子名字还没想好://@我有一个梨丶:这才是中国，一点都不能少。 //@宋茜:这才是中国，一点都不能少。,2016-07-14 13:43,2016/7/18 星期一 下午 5:09:59,http://weibo.com/5911849776/DEKXA3lRu,4
249,248,心海梨落木青寞,//@小妮子名字还没想好://@我有一个梨丶:这才是中国，一点都不能少。 //@宋茜:这才是中国，一点都不能少。,2016-07-14 09:45,2016/7/18 星期一 下午 5:09:59,http://weibo.com/3212933787/DEJoUD1Ek,4
250,249,爱你知是谁,6 //@我有一个梨丶:这才是中国，一点都不能少。 //@宋茜:这才是中国，一点都不能少。,2016-07-14 09:22,2016/7/18 星期一 下午 5:09:59,http://weibo.com/3218929465/DEJfwaAAA,4
251,250,小妮子名字还没想好,//@我有一个梨丶:这才是中国，一点都不能少。 //@宋茜:这才是中国，一点都不能少。,2016-07-14 09:16,2016/7/18 星期一 下午 5:09:59,http://weibo.com/5655799613/DEJd6EfFU,4
252,251,爱你知是谁, //@我有一个梨丶:这才是中国，一点都不能少。 //@宋茜:这才是中国，一点都不能少。,2016-07-14 05:58,2016/7/18 星期一 下午 5:09:59,http://weibo.com/3218929465/DEHUFoyC5,4
253,252,西西vvvic,#中国姑娘宋茜# #中国一点都不能少#??//@朝宋Storia://@宋茜:这才是中国，一点都不能少。,2016-07-13 21:10,2016/7/18 星期一 下午 5:11:26,http://weibo.com/2754732327/DEEsheHIy,4
254,253,o_逗包_o,//@朝宋Storia://@宋茜:这才是中国，一点都不能少。,2016-07-12 21:47,2016/7/18 星期一 下午 5:11:26,http://weibo.com/3649613311/DEvgJ4Vjv,4
255,254,870202-兔子,//@朝宋Storia://@宋茜:这才是中国，一点都不能少。,2016-07-13 02:02,2016/7/18 星期一 下午 5:11:26,http://weibo.com/5464639697/DEwWqo6t3,4
256,255,孟薏萱宋茜,//@朝宋Storia://@宋茜:这才是中国，一点都不能少。,2016-07-12 21:34,2016/7/18 星期一 下午 5:11:26,http://weibo.com/3743712330/DEvbG8wKT,4
257,256,复杂的是人心ii,//@朝宋Storia://@宋茜:这才是中国，一点都不能少。,2016-07-18 12:34,2016/7/18 星期一 下午 5:11:26,http://weibo.com/2144226814/DFmdkDIEl,4
258,257,xxxx0202,//@朝宋Storia://@宋茜:这才是中国，一点都不能少。,2016-07-18 11:23,2016/7/18 星期一 下午 5:11:26,http://weibo.com/2458930240/DFlKxzHWz,4
259,258,Eniverezvous,//@朝宋Storia://@宋茜:这才是中国，一点都不能少。,2016-07-18 10:55,2016/7/18 星期一 下午 5:11:26,http://weibo.com/3542332782/DFlz9EvY1,4
260,259,kasa2_2ka,//@朝宋Storia://@宋茜:这才是中国，一点都不能少。,2016-07-17 22:43,2016/7/18 星期一 下午 5:11:26,http://weibo.com/3512392543/DFgM1wAOs,4
261,260,小妮子名字还没想好,//@我是一根小香菜0202://@朝宋Storia://@宋茜:这才是中国，一点都不能少。,2016-07-17 18:41,2016/7/18 星期一 下午 5:11:26,http://weibo.com/5655799613/DFfbLkKNg,4
262,261,我是一根小香菜0202,//@朝宋Storia://@宋茜:这才是中国，一点都不能少。,2016-07-17 18:31,2016/7/18 星期一 下午 5:11:26,http://weibo.com/5960804067/DFf7AcUWu,4
263,262,英俊的落落94,//@欧丽琼94: “不是中国的，一份不要；该是我们的，寸土必保！”#中国一点都不能少#//@宋茜: 这才是中国，一点都不能少。,2016-07-18 14:45,2016/7/18 星期一 下午 5:12:53,http://weibo.com/2881397427/DFn4oq2E5,4
264,263,英俊的落落94,//@欧丽琼94: “不是中国的，一份不要；该是我们的，寸土必保！”#中国一点都不能少#//@宋茜: 这才是中国，一点都不能少。,2016-07-18 14:30,2016/7/18 星期一 下午 5:12:53,http://weibo.com/2881397427/DFmYiqTnA,4
265,264,英俊的落落94,//@欧丽琼94: “不是中国的，一份不要；该是我们的，寸土必保！”#中国一点都不能少#//@宋茜: 这才是中国，一点都不能少。,2016-07-18 14:15,2016/7/18 星期一 下午 5:12:53,http://weibo.com/2881397427/DFmSdrKly,4
266,265,英俊的落落94,//@欧丽琼94: “不是中国的，一份不要；该是我们的，寸土必保！”#中国一点都不能少#//@宋茜: 这才是中国，一点都不能少。,2016-07-18 14:00,2016/7/18 星期一 下午 5:12:53,http://weibo.com/2881397427/DFmM78ZP3,4
267,266,英俊的落落94,//@欧丽琼94: “不是中国的，一份不要；该是我们的，寸土必保！”#中国一点都不能少#//@宋茜: 这才是中国，一点都不能少。,2016-07-18 13:45,2016/7/18 星期一 下午 5:12:53,http://weibo.com/2881397427/DFmG2qCGO,4
268,267,英俊的落落94,//@欧丽琼94: “不是中国的，一份不要；该是我们的，寸土必保！”#中国一点都不能少#//@宋茜: 这才是中国，一点都不能少。,2016-07-18 13:30,2016/7/18 星期一 下午 5:12:53,http://weibo.com/2881397427/DFmzWalIS,4
269,268,英俊的落落94,//@欧丽琼94: “不是中国的，一份不要；该是我们的，寸土必保！”#中国一点都不能少#//@宋茜: 这才是中国，一点都不能少。,2016-07-18 13:15,2016/7/18 星期一 下午 5:12:53,http://weibo.com/2881397427/DFmtR9l4r,4
270,269,英俊的落落94,//@欧丽琼94: “不是中国的，一份不要；该是我们的，寸土必保！”#中国一点都不能少#//@宋茜: 这才是中国，一点都不能少。,2016-07-18 13:00,2016/7/18 星期一 下午 5:12:53,http://weibo.com/2881397427/DFmnLtNHh,4
271,270,英俊的落落94,//@欧丽琼94: “不是中国的，一份不要；该是我们的，寸土必保！”#中国一点都不能少#//@宋茜: 这才是中国，一点都不能少。,2016-07-18 12:45,2016/7/18 星期一 下午 5:12:53,http://weibo.com/2881397427/DFmhFgtIw,4
272,271,英俊的落落94,//@欧丽琼94: “不是中国的，一份不要；该是我们的，寸土必保！”#中国一点都不能少#//@宋茜: 这才是中国，一点都不能少。,2016-07-18 12:30,2016/7/18 星期一 下午 5:12:53,http://weibo.com/2881397427/DFmbE3Xvk,4
273,272,范例欢畅激,P //@宋小王子coriander:一点都不能少 //@宋茜:这才是中国，一点都不能少。,2016-07-17 19:24,2016/7/18 星期一 下午 5:14:19,http://weibo.com/5953512209/DFftejHtu,4
274,273,范例欢畅激,U //@宋小王子coriander:一点都不能少 //@宋茜:这才是中国，一点都不能少。,2016-07-17 19:24,2016/7/18 星期一 下午 5:14:19,http://weibo.com/5953512209/DFftb7zLZ,4
275,274,范例欢畅激,Y //@宋小王子coriander:一点都不能少 //@宋茜:这才是中国，一点都不能少。,2016-07-17 19:24,2016/7/18 星期一 下午 5:14:19,http://weibo.com/5953512209/DFft9CDsR,4
276,275,范例欢畅激,T //@宋小王子coriander:一点都不能少 //@宋茜:这才是中国，一点都不能少。,2016-07-17 19:23,2016/7/18 星期一 下午 5:14:19,http://weibo.com/5953512209/DFfsODHTN,4
277,276,范例欢畅激,R //@宋小王子coriander:一点都不能少 //@宋茜:这才是中国，一点都不能少。,2016-07-17 19:23,2016/7/18 星期一 下午 5:14:19,http://weibo.com/5953512209/DFfsO4rAo,4
278,277,范例欢畅激,E //@宋小王子coriander:一点都不能少 //@宋茜:这才是中国，一点都不能少。,2016-07-17 19:23,2016/7/18 星期一 下午 5:14:19,http://weibo.com/5953512209/DFfsN9F6L,4
279,278,范例欢畅激,W //@宋小王子coriander:一点都不能少 //@宋茜:这才是中国，一点都不能少。,2016-07-17 19:23,2016/7/18 星期一 下午 5:14:19,http://weibo.com/5953512209/DFfsLn8Lr,4
280,279,范例欢畅激,Q //@宋小王子coriander:一点都不能少 //@宋茜:这才是中国，一点都不能少。,2016-07-17 19:23,2016/7/18 星期一 下午 5:14:19,http://weibo.com/5953512209/DFfsL5vVB,4
281,280,栾么寿亦洒,p//@宋小王子coriander:一点都不能少 //@宋茜:这才是中国，一点都不能少。,2016-07-17 09:02,2016/7/18 星期一 下午 5:14:19,http://weibo.com/5979450429/DFboOwzzR,4
282,281,栾么寿亦洒,i//@宋小王子coriander:一点都不能少 //@宋茜:这才是中国，一点都不能少。,2016-07-17 09:02,2016/7/18 星期一 下午 5:14:19,http://weibo.com/5979450429/DFboKlFNT,4
283,282,小妮子名字还没想好,//@我是一根小香菜0202://@狮心蜂香菜君:我是中国人，来生还做种花人//@宋茜:这才是中国，一点都不能少。,2016-07-17 18:42,2016/7/18 星期一 下午 5:15:46,http://weibo.com/5655799613/DFfcomwxs,4
284,283,我是一根小香菜0202,//@狮心蜂香菜君:我是中国人，来生还做种花人//@宋茜:这才是中国，一点都不能少。,2016-07-17 18:31,2016/7/18 星期一 下午 5:15:46,http://weibo.com/5960804067/DFf7ChQMe,4
285,284,段俱迹段,宋茜！！！！//@狮心蜂香菜君:我是中国人，来生还做种花人//@宋茜:这才是中国，一点都不能少。,2016-07-15 19:57,2016/7/18 星期一 下午 5:15:46,http://weibo.com/5979866231/DEWPS2Tmy,4
286,285,段俱迹段,宋茜么么哒//@狮心蜂香菜君:我是中国人，来生还做种花人//@宋茜:这才是中国，一点都不能少。,2016-07-15 19:57,2016/7/18 星期一 下午 5:15:46,http://weibo.com/5979866231/DEWPP6zqE,4
287,286,段俱迹段,啦啦啦啦//@狮心蜂香菜君:我是中国人，来生还做种花人//@宋茜:这才是中国，一点都不能少。,2016-07-15 19:57,2016/7/18 星期一 下午 5:15:46,http://weibo.com/5979866231/DEWPK6DT7,4
288,287,段俱迹段,对对对//@狮心蜂香菜君:我是中国人，来生还做种花人//@宋茜:这才是中国，一点都不能少。,2016-07-15 19:57,2016/7/18 星期一 下午 5:15:46,http://weibo.com/5979866231/DEWPH6Mpp,4
289,288,段俱迹段,对//@狮心蜂香菜君:我是中国人，来生还做种花人//@宋茜:这才是中国，一点都不能少。,2016-07-15 19:57,2016/7/18 星期一 下午 5:15:46,http://weibo.com/5979866231/DEWPDytH7,4
290,289,段俱迹段,爱宋茜//@狮心蜂香菜君:我是中国人，来生还做种花人//@宋茜:这才是中国，一点都不能少。,2016-07-15 19:56,2016/7/18 星期一 下午 5:15:46,http://weibo.com/5979866231/DEWP5koga,4
291,290,段俱迹段,宋茜//@狮心蜂香菜君:我是中国人，来生还做种花人//@宋茜:这才是中国，一点都不能少。,2016-07-15 19:55,2016/7/18 星期一 下午 5:15:46,http://weibo.com/5979866231/DEWP2B8FH,4
292,291,宋茜的迷妹, //@狮心蜂香菜君:我是中国人，来生还做种花人//@宋茜:这才是中国，一点都不能少。,2016-07-15 13:59,2016/7/18 星期一 下午 5:15:46,http://weibo.com/5673083990/DEUuywcc6,4
293,292,王俊凯的大长腿,//@严屹宽:共同守护，一点也不能少//@范冰冰:这才是中国，一点都不能少。,2016-07-12 18:53,2016/7/18 星期一 下午 5:17:15,http://weibo.com/2938773165/DEu8ij2mW,4
294,293,全民gossip,//@严屹宽:共同守护，一点也不能少//@范冰冰:这才是中国，一点都不能少。,2016-07-18 08:06,2016/7/18 星期一 下午 5:17:15,http://weibo.com/1245780372/DFksHcB0T,4
295,294,蜜蜂爱甜品,#中国一点都不能少#??//@严屹宽:共同守护，一点也不能少//@范冰冰:这才是中国，一点都不能少。,2016-07-16 18:54,2016/7/18 星期一 下午 5:17:15,http://weibo.com/5627587957/DF5QvhZrD,4
296,295,努力从来不是为了感动自己,//@严屹宽:共同守护，一点也不能少//@范冰冰:这才是中国，一点都不能少。,2016-07-15 18:41,2016/7/18 星期一 下午 5:17:15,http://weibo.com/5311659817/DEWkDobcB,4
297,296,喜杨杨一小明,//@严屹宽:共同守护，一点也不能少//@范冰冰:这才是中国，一点都不能少。,2016-07-15 08:49,2016/7/18 星期一 下午 5:17:15,http://weibo.com/5980076829/DESsGxeLb,4
298,297,用户5586048280,//@严屹宽: Paracels and Spratlys belong to Vietnam . I-m really disappointed in you . Vietnamese fans are turned most to you .,2016-07-15 04:10,2016/7/18 星期一 下午 5:17:15,http://weibo.com/5586048280/DEQDbEOYg,4
299,298,xiaoshui85,//@严屹宽:共同守护，一点也不能少//@范冰冰:这才是中国，一点都不能少。,2016-07-14 21:21,2016/7/18 星期一 下午 5:17:15,http://weibo.com/1252083397/DENX9mwAQ,4
300,299,L平步青云H,共同守护，一点也不能少,2016-07-14 19:11,2016/7/18 星期一 下午 5:17:15,http://weibo.com/5331944844/DEN6Ggh0O,4
301,300,大同市广昌,//@严屹宽:共同守护，一点也不能少//@范冰冰:这才是中国，一点都不能少。,2016-07-14 17:43,2016/7/18 星期一 下午 5:17:15,http://weibo.com/5933361061/DEMwHkMFn,4
302,301,施瓦辛格_云出岫,//@严屹宽:共同守护，一点也不能少//@范冰冰:这才是中国，一点都不能少。,2016-07-14 15:58,2016/7/18 星期一 下午 5:17:15,http://weibo.com/5590952253/DELQ1bwZF,4
303,302,L-----寜,//@范冰冰工作室: 一点都不能少 //@范冰冰:这才是中国，一点都不能少。,2016-07-15 12:46,2016/7/18 星期一 下午 5:18:01,http://weibo.com/2505346583/DEU0Tk5Sn,4
304,303,-潘海瑶-,#中国一点都不能少#这才是真正的中国!,2016-07-15 12:22,2016/7/18 星期一 下午 5:18:01,http://weibo.com/5316530467/DETQRDkKb,4
305,304,几百年出一个_范美人,一点都不能少 //@范冰冰工作室:一点都不能少 //@范冰冰:这才是中国，一点都不能少。,2016-07-15 09:43,2016/7/18 星期一 下午 5:18:01,http://weibo.com/5129741731/DESOx5V0W,4
306,305,末低吟爱恋,//@范冰冰工作室:一点都不能少 //@范冰冰:这才是中国，一点都不能少。,2016-07-14 10:03,2016/7/18 星期一 下午 5:18:01,http://weibo.com/2761069621/DEJwajlpR,4
307,306,水晶鞋ni,一点都不能少。,2016-07-13 23:39,2016/7/18 星期一 下午 5:18:01,http://weibo.com/1733230721/DEFqTiunA,4
308,307,Andrea-YHC,一点都不能少,2016-07-13 23:18,2016/7/18 星期一 下午 5:18:01,http://weibo.com/2495344034/DEFiorazr,4
309,308,Ran幂, //@范冰冰工作室:一点都不能少 //@范冰冰:这才是中国，一点都不能少。,2016-07-13 19:31,2016/7/18 星期一 下午 5:18:01,http://weibo.com/2613997293/DEDOaCQuA,4
310,309,饭锅-,//@晨星繁漫冰韵然: 这很中国！ //@范冰冰工作室:一点都不能少 //@范冰冰:这才是中国，一点都不能少。,2016-07-13 18:50,2016/7/18 星期一 下午 5:18:01,http://weibo.com/5597035774/DEDxnmIFT,4
311,310,瞪瞪猫,//@范冰冰工作室:一点都不能少 //@范冰冰:这才是中国，一点都不能少。,2016-07-13 18:31,2016/7/18 星期一 下午 5:18:01,http://weibo.com/2779505061/DEDpKw1V7,4
312,311,kimi-厘米,//@范冰冰工作室:一点都不能少 //@范冰冰:这才是中国，一点都不能少。,2016-07-13 12:56,2016/7/18 星期一 下午 5:18:01,http://weibo.com/2036200931/DEBdT07be,4
313,312,MengYa520,中国的领土一点都不能少//@挑战者联盟:#挑战者联盟#一点都不能少//@范冰冰: 这才是中国，一点都不能少。,2016-07-14 09:49,2016/7/18 星期一 下午 5:19:09,http://weibo.com/5705502884/DEJqzbDtL,4
314,313,Love爱_鹿,中国不能少一分//@挑战者联盟:#挑战者联盟#一点都不能少//@范冰冰: 这才是中国，一点都不能少。,2016-07-14 01:53,2016/7/18 星期一 下午 5:19:09,http://weibo.com/5841012869/DEGj0CRnR,4
315,314,Boger_sun,一点都不能少。,2016-07-13 18:32,2016/7/18 星期一 下午 5:19:09,http://weibo.com/2060916041/DEDqoaoaz,4
316,315,猪猪最可爱的小窝,//@挑战者联盟:#挑战者联盟#一点都不能少//@范冰冰: 这才是中国，一点都不能少。,2016-07-13 16:33,2016/7/18 星期一 下午 5:19:09,http://weibo.com/1211021542/DECE1xNrA,4
317,316,崇拜你75159,这才是中国，一点都不能少。 ,2016-07-13 08:31,2016/7/18 星期一 下午 5:19:09,http://weibo.com/5864249005/DEzu6r4s9,4
318,317,Cold-blooded86586,//@挑战者联盟:#挑战者联盟#一点都不能少//@范冰冰: 这才是中国，一点都不能少。,2016-07-13 05:51,2016/7/18 星期一 下午 5:19:09,http://weibo.com/2146451464/DEyrkpX8Q,4
319,318,zhhLinda,//@挑战者联盟:#挑战者联盟#一点都不能少//@范冰冰: 这才是中国，一点都不能少。,2016-07-13 00:21,2016/7/18 星期一 下午 5:19:09,http://weibo.com/3347517614/DEwhu7x8A,4
320,319,马艳zzhhaa2000,//@挑战者联盟:#挑战者联盟#一点都不能少//@范冰冰: 这才是中国，一点都不能少。,2016-07-13 00:19,2016/7/18 星期一 下午 5:19:09,http://weibo.com/5661677835/DEwgsiaw1,4
321,320,梦要自己扛_,//@挑战者联盟:#挑战者联盟#一点都不能少//@范冰冰: 这才是中国，一点都不能少。,2016-07-13 00:00,2016/7/18 星期一 下午 5:19:09,http://weibo.com/5237591967/DEw8DBRTd,4
322,321,cao允ing,: 这才是中国，一点都不能少。,2016-07-12 23:12,2016/7/18 星期一 下午 5:19:09,http://weibo.com/2653941662/DEvPaA4b5,4
323,322,冰棒邦邦,//@范冰冰粉丝团:一点不能少//@范冰冰:这才是中国，一点都不能少。,2016-07-14 19:41,2016/7/18 星期一 下午 5:20:39,http://weibo.com/1007543043/DENiFoc6l,4
324,323,起笔划划,//@范冰冰粉丝团: 一点不能少//@范冰冰:这才是中国，一点都不能少。,2016-07-13 09:27,2016/7/18 星期一 下午 5:20:39,http://weibo.com/2094311515/DEzQNzufZ,4
325,324,玫瑰花粉色想念,//@范冰冰粉丝团:一点不能少//@范冰冰:这才是中国，一点都不能少。,2016-07-13 07:51,2016/7/18 星期一 下午 5:20:39,http://weibo.com/5933477092/DEzed0sEx,4
326,325,Miss_KrstaL,@范冰冰:这才是中国，一点都不能少。,2016-07-12 23:07,2016/7/18 星期一 下午 5:20:39,http://weibo.com/5750972620/DEvNr3LFk,4
327,326,从前啊_有一只萱小宝,晚安//@范皇正宫:晚安，姑娘和中国//@范冰冰粉丝团: 一点不能少//@范冰冰:这才是中国，一点都不能少。,2016-07-12 22:55,2016/7/18 星期一 下午 5:20:39,http://weibo.com/5345321020/DEvIr4MQN,4
328,327,用户5507735331,我国领土，犯者必争//@范冰冰粉丝团:一点不能少//@范冰冰:这才是中国，一点都不能少。,2016-07-12 22:53,2016/7/18 星期一 下午 5:20:39,http://weibo.com/5507735331/DEvHBAx5D,4
329,328,范皇正宫,晚安，姑娘和中国//@范冰冰粉丝团: 一点不能少//@范冰冰:这才是中国，一点都不能少。,2016-07-12 22:52,2016/7/18 星期一 下午 5:20:39,http://weibo.com/5483467783/DEvHnpcZN,4
330,329,谢雨欣小伙子,一点都不//@范冰冰粉丝团:一点不能少//@范冰冰:这才是中国，一点都不能少。,2016-07-12 22:34,2016/7/18 星期一 下午 5:20:39,http://weibo.com/2314753127/DEvzWvwdU,4
331,330,Souffle-兎小C,一点不能少这才是中国，一点都不能少。,2016-07-12 21:07,2016/7/18 星期一 下午 5:20:39,http://weibo.com/1816952613/DEv0DaRvi,4
332,331,Devil12GOOD,//@范冰冰粉丝团:一点不能少//@范冰冰:这才是中国，一点都不能少。,2016-07-12 21:00,2016/7/18 星期一 下午 5:20:39,http://weibo.com/1739886693/DEuXImd1f,4
333,332,停在这一秒钟,//@萌大雨YUYU: //@范冰冰:这才是中国，一点都不能少。,2016-07-14 20:11,2016/7/18 星期一 下午 5:22:06,http://weibo.com/5523216927/DENv4zZ6Q,4
334,333,Wa麦芽妹,//@萌大雨YUYU: //@范冰冰:这才是中国，一点都不能少。,2016-07-13 23:00,2016/7/18 星期一 下午 5:22:06,http://weibo.com/5338145326/DEFaUxpVu,4
335,334,谁说我不是大美女,//@萌大雨YUYU: //@范冰冰:这才是中国，一点都不能少。,2016-07-13 21:20,2016/7/18 星期一 下午 5:22:06,http://weibo.com/3292338862/DEEwlAG48,4
336,335,竹染梦殇,//@萌大雨YUYU: //@范冰冰:这才是中国，一点都不能少。,2016-07-13 21:05,2016/7/18 星期一 下午 5:22:06,http://weibo.com/5867783133/DEEqaDGlp,4
337,336,晗笑半步颠--------,这才是中国，一点都不能少！,2016-07-13 19:58,2016/7/18 星期一 下午 5:22:06,http://weibo.com/5881940578/DEDYZ84iu,4
338,337,拉姆同学,//@萌大雨YUYU: //@范冰冰:这才是中国，一点都不能少。,2016-07-13 19:54,2016/7/18 星期一 下午 5:22:06,http://weibo.com/5537553416/DEDXlwALr,4
339,338,YiXingOhMy, //@萌大雨YUYU: //@范冰冰:这才是中国，一点都不能少。,2016-07-13 17:58,2016/7/18 星期一 下午 5:22:06,http://weibo.com/3741479962/DEDcgBVhp,4
340,339,FireGirl火火,转发微博,2016-07-13 15:18,2016/7/18 星期一 下午 5:22:06,http://weibo.com/1704384253/DEC9CeuGK,4
341,340,Star--Starless,一点都不能少。,2016-07-13 14:35,2016/7/18 星期一 下午 5:22:06,http://weibo.com/3535512042/DEBRO2Vl5,4
342,341,strawberry牛奶的艺兴,//@范冰冰:这才是中国，一点都不能少。,2016-07-13 13:54,2016/7/18 星期一 下午 5:22:06,http://weibo.com/5704070418/DEBBl4lCc,4
343,342,小渔儿608_9rc,不能少一点。//@冰冰晨报官博:#南海是中国的# 决不让步 //@范冰冰:这才是中国，一点都不能少。,2016-07-16 06:33,2016/7/18 星期一 下午 5:23:18,http://weibo.com/1663425505/DF0ZXxm0R,4
344,343,范小晨_,决不让步！！！ //@冰冰晨报官博:#南海是中国的# 决不让步 //@范冰冰:这才是中国，一点都不能少。,2016-07-13 12:34,2016/7/18 星期一 下午 5:23:18,http://weibo.com/5694191890/DEB4KfsV0,4
345,344,孙丽萍s,//@冰冰晨报官博:#南海是中国的# 决不让步 //@范冰冰:这才是中国，一点都不能少。,2016-07-12 21:46,2016/7/18 星期一 下午 5:23:18,http://weibo.com/5621960448/DEvglr39q,4
346,345,Dd-ZHL,//@冰冰晨报官博:#南海是中国的# 决不让步 //@范冰冰:这才是中国，一点都不能少。,2016-07-12 19:46,2016/7/18 星期一 下午 5:23:18,http://weibo.com/2661866225/DEutxx2QG,4
347,346,败犬女王一二,//@冰冰晨报官博:#南海是中国的# 决不让步 //@范冰冰:这才是中国，一点都不能少。,2016-07-12 19:37,2016/7/18 星期一 下午 5:23:18,http://weibo.com/5869727672/DEupSmmMI,4
348,347,碎S影,//@冰冰晨报官博:#南海是中国的# 决不让步 //@范冰冰:这才是中国，一点都不能少。,2016-07-12 19:25,2016/7/18 星期一 下午 5:23:18,http://weibo.com/2884325111/DEullhz4M,4
349,348,海浪菜菜miss,//@冰冰晨报官博:#南海是中国的# 决不让步 //@范冰冰:这才是中国，一点都不能少。,2016-07-12 19:22,2016/7/18 星期一 下午 5:23:18,http://weibo.com/5228347286/DEujRsuZG,4
350,349,cailing925,这才是中国，一点都不能少。,2016-07-12 18:48,2016/7/18 星期一 下午 5:23:18,http://weibo.com/3059463667/DEu6mBHEK,4
351,350,雨落倾城2004821,一点都不能少,2016-07-12 18:43,2016/7/18 星期一 下午 5:23:18,http://weibo.com/5837536002/DEu4imcA8,4
352,351,amortony,这才是中国，一点都不能少。,2016-07-12 18:31,2016/7/18 星期一 下午 5:23:18,http://weibo.com/1708671550/DEtZ9xxFP,4
353,352,走过了人来人往_不喜欢也得欣赏,//@唯美小甜橙://@任大称:中国一点都不能少- //@范冰冰:这才是中国，一点都不能少。,2016-07-13 09:55,2016/7/18 星期一 下午 5:24:47,http://weibo.com/3901791608/DEA2s3zKZ,4
354,353,Bestmiss丶KJ,//@任大称:中国一点都不能少- //@范冰冰:这才是中国，一点都不能少。,2016-07-12 23:03,2016/7/18 星期一 下午 5:24:47,http://weibo.com/2651543411/DEvLHt1Vq,4
355,354,默言200707,//@任大称:中国一点都不能少- //@范冰冰:这才是中国，一点都不能少。,2016-07-12 21:51,2016/7/18 星期一 下午 5:24:47,http://weibo.com/5953785988/DEviDhs8W,4
356,355,唯美小甜橙,//@任大称:中国一点都不能少- //@范冰冰:这才是中国，一点都不能少。,2016-07-12 21:33,2016/7/18 星期一 下午 5:24:47,http://weibo.com/5979967539/DEvb2wTp8,4
357,356,佳闻大大,不能少 //@任大称:中国一点都不能少- //@范冰冰:这才是中国，一点都不能少。,2016-07-12 20:27,2016/7/18 星期一 下午 5:24:47,http://weibo.com/5725937444/DEuKdw6rP,4
358,357,任性钱2013,中国一点也不能少，少了我跟谁拼命 //@任大称:中国一点都不能少- ,2016-07-12 20:22,2016/7/18 星期一 下午 5:24:47,http://weibo.com/1783430235/DEuI9y7NT,4
359,358,该gvai-,转发微博,2016-07-12 20:21,2016/7/18 星期一 下午 5:24:47,http://weibo.com/2646024340/DEuI6k01o,4
360,359,Time_out老巢,//@任大称:中国一点都不能少- //@范冰冰:这才是中国，一点都不能少。,2016-07-12 20:15,2016/7/18 星期一 下午 5:24:47,http://weibo.com/2408314127/DEuFxzisp,4
361,360,美菁穆铃_______________,中国一点都不能少 //@任大称:中国一点都不能少- //@范冰冰:这才是中国，一点都不能少。,2016-07-12 20:03,2016/7/18 星期一 下午 5:24:47,http://weibo.com/5620435112/DEuAHqZaL,4
362,361,墨墨MOMO酱, //@任大称:中国一点都不能少- //@范冰冰:这才是中国，一点都不能少。,2016-07-12 19:45,2016/7/18 星期一 下午 5:24:47,http://weibo.com/5330206226/DEutooBk8,4
363,362,Lonely--tears,这才是中国，一点都不能少。,2016-07-16 23:15,2016/7/18 星期一 下午 5:26:08,http://weibo.com/5492603903/DF7yClrda,4
364,363,污神啊啊啊,//@电影绝地逃亡官微://@范冰冰: 这才是中国，一点都不能少。,2016-07-14 15:36,2016/7/18 星期一 下午 5:26:08,http://weibo.com/5980195740/DELHqnY51,4
365,364,学生闫旭阳,//@电影绝地逃亡官微://@范冰冰: 这才是中国，一点都不能少。,2016-07-13 19:26,2016/7/18 星期一 下午 5:26:08,http://weibo.com/2671892403/DEDMc2jgt,4
366,365,六安市东翔羽绒制品有限公司,//@电影绝地逃亡官微: //@范冰冰: 这才是中国，一点都不能少。,2016-07-13 17:33,2016/7/18 星期一 下午 5:26:08,http://weibo.com/5623479913/DED2asOGF,4
367,366,毅然吖,自古以来，都是中国的领土。,2016-07-13 08:12,2016/7/18 星期一 下午 5:26:08,http://weibo.com/5979630381/DEzmnaklU,4
368,367,JC_小微summer,//@电影绝地逃亡官微://@范冰冰: 这才是中国，一点都不能少。,2016-07-13 02:10,2016/7/18 星期一 下午 5:26:08,http://weibo.com/2092460474/DEwZDwMdA,4
369,368,不过如此星人,//@电影绝地逃亡官微://@范冰冰: 这才是中国，一点都不能少。,2016-07-13 00:11,2016/7/18 星期一 下午 5:26:08,http://weibo.com/5967417757/DEwddmzzX,4
370,369,电竞凡人丶科比,//@电影绝地逃亡官微://@范冰冰: 这才是中国，一点都不能少。,2016-07-12 23:51,2016/7/18 星期一 下午 5:26:08,http://weibo.com/5937003865/DEw4Yssx1,4
371,370,曉情緒珍,//@电影绝地逃亡官微://@范冰冰: 这才是中国，一点都不能少。,2016-07-12 22:05,2016/7/18 星期一 下午 5:26:08,http://weibo.com/3268149167/DEvo75mpa,4
372,371,大艺子5973246793,中国领土//@电影绝地逃亡官微://@范冰冰: 这才是中国，一点都不能少。,2016-07-12 21:58,2016/7/18 星期一 下午 5:26:08,http://weibo.com/5973246793/DEvlsccom,4
373,372,从此以后an,一点都不能少 //@范冰冰:这才是中国，一点都不能少。,2016-07-13 12:34,2016/7/18 星期一 下午 5:27:35,http://weibo.com/5605316449/DEB4IcD5D,4
374,373,豹小子2090,草泥马逼，贱人，想说回家草你家人说去，别在这喷粪//@贵妃_上川菜儿:回复@豹小子2090:尼玛别人都是贱人，就留一个人渣手机后面逼逼叨叨祸害四方？,2016-07-13 00:07,2016/7/18 星期一 下午 5:27:35,http://weibo.com/1536857092/DEwbLs78e,4
375,374,糖果5433076405,//@小黄少:一点都不能少 //@范冰冰:这才是中国，一点都不能少。,2016-07-12 21:17,2016/7/18 星期一 下午 5:27:35,http://weibo.com/5433076405/DEv4QlvVe,4
376,375,再创起点,一点都不能少,2016-07-12 19:40,2016/7/18 星期一 下午 5:27:35,http://weibo.com/2540493223/DEur9gtlt,4
377,376,龍九小齡童,一点都不能少 /这才是中国，一点都不能少。,2016-07-12 19:36,2016/7/18 星期一 下午 5:27:35,http://weibo.com/5131954946/DEupu7zAf,4
378,377,取个不会被绑架的名字,//@小黄少:一点都不能少 //@范冰冰:这才是中国，一点都不能少。,2016-07-12 18:19,2016/7/18 星期一 下午 5:27:35,http://weibo.com/2678398893/DEtUolRip,4
379,378,Myricarubra不是果子,一点都不能少//@小黄少:一点都不能少 //@范冰冰:这才是中国，一点都不能少。,2016-07-12 18:17,2016/7/18 星期一 下午 5:27:35,http://weibo.com/2302134581/DEtTwyyba,4
380,379,曼珊也很忙,//@雨果网:一点都不能少,2016-07-12 18:11,2016/7/18 星期一 下午 5:27:35,http://weibo.com/1999661671/DEtR9lzau,4
381,380,磨料磨具蒋,//@雨果网: 一点都不能少,2016-07-12 18:09,2016/7/18 星期一 下午 5:27:35,http://weibo.com/2382460891/DEtQvtXHQ,4
382,381,快乐的李珉灿,//@小黄少:一点都不能少 //@范冰冰:这才是中国，一点都不能少。,2016-07-12 18:07,2016/7/18 星期一 下午 5:27:35,http://weibo.com/1791603404/DEtPtkVyL,4
383,382,愤怒的小花猫二世, //@板刷在篱笆的马甲:好！//@朱德泉: //@范冰冰:这才是中国，一点都不能少。,2016-07-16 21:21,2016/7/18 星期一 下午 5:29:04,http://weibo.com/2610145115/DF6O7xHXX,4
384,383,板刷在篱笆的马甲,好！//@朱德泉: //@范冰冰:这才是中国，一点都不能少。,2016-07-16 21:11,2016/7/18 星期一 下午 5:29:04,http://weibo.com/2857811674/DF6K3wXLq,4
385,384,歌乐奇缘,//@摩罗空间:转发微博,2016-07-14 12:39,2016/7/18 星期一 下午 5:29:05,http://weibo.com/5254982041/DEKxnrnRQ,4
386,385,福绿里居士,//@摩罗空间: 转发微博,2016-07-13 07:04,2016/7/18 星期一 下午 5:29:05,http://weibo.com/2133431131/DEyUJfL5z,4
387,386,sun_ad365_056adf,//@摩罗空间:转发微博,2016-07-13 00:11,2016/7/18 星期一 下午 5:29:05,http://weibo.com/1199516342/DEwdoibC6,4
388,387,求助者马蜀蓉,这才是中国，一点都不能少//@朱德泉:  //@范冰冰:这才是中国，一点都不能少。,2016-07-13 00:07,2016/7/18 星期一 下午 5:29:05,http://weibo.com/3790277013/DEwbDw2Gg,4
389,388,鹰眼看世界13,//@摩罗空间:转发微博,2016-07-12 23:54,2016/7/18 星期一 下午 5:29:05,http://weibo.com/3940316053/DEw6w9jOV,4
390,389,用户xevidbbpeb,//@摩罗空间:转发微博,2016-07-12 22:25,2016/7/18 星期一 下午 5:29:05,http://weibo.com/3700678435/DEvw9114g,4
391,390,南洋修士,菲佣越猴，反受美夷倭寇唆使，对峙天朝，抗拒圣化。占吾岛礁，掳吾渔民。圣人在世亦不可忍！今我水师集结，云帆蔽空。艨艟巨舰，破浪前行。王师一到，玉石俱焚！《人民日报》已刊文,2016-07-12 22:24,2016/7/18 星期一 下午 5:29:05,http://weibo.com/2737755300/DEvvMeLjg,4
392,391,枫林夕照001,//@摩罗空间: 转发微博,2016-07-12 22:18,2016/7/18 星期一 下午 5:29:05,http://weibo.com/2100343467/DEvtukP4Y,4
393,392,不备酒歌, //@黄景瑜工作室2016: //@Johnny黄景瑜:,2016-07-12 20:38,2016/7/18 星期一 下午 5:30:13,http://weibo.com/5848281379/DEuOTp1Hb,4
394,393,景瑜Su, //@黄景瑜工作室2016: //@Johnny黄景瑜:,2016-07-12 23:00,2016/7/18 星期一 下午 5:30:13,http://weibo.com/5918024280/DEvKvhDfJ,4
395,394,黄景瑜数据博, //@黄景瑜工作室2016: //@Johnny黄景瑜:,2016-07-12 20:19,2016/7/18 星期一 下午 5:30:13,http://weibo.com/5956720697/DEuH9whZo,4
396,395,XING瑜你同行, //@黄景瑜工作室2016: //@Johnny黄景瑜:,2016-07-12 21:43,2016/7/18 星期一 下午 5:30:13,http://weibo.com/2639862114/DEvf6BFnP,4
397,396,景随瑜心姐妹团,//@黄景瑜工作室2016: //@Johnny黄景瑜:,2016-07-12 20:38,2016/7/18 星期一 下午 5:30:13,http://weibo.com/5881645452/DEuOWmzJr,4
398,397,进击吧美少女战士,//@黄景瑜工作室2016: //@Johnny黄景瑜:,2016-07-12 20:56,2016/7/18 星期一 下午 5:30:13,http://weibo.com/2702139422/DEuW7lH4h,4
399,398,我是九岁的PBEibi, //@黄景瑜工作室2016: //@Johnny黄景瑜:,2016-07-12 20:45,2016/7/18 星期一 下午 5:30:13,http://weibo.com/3042735491/DEuREv2qb,4
400,399,eVilHeart_黄景瑜个站, //@黄景瑜工作室2016: //@Johnny黄景瑜:,2016-07-12 20:24,2016/7/18 星期一 下午 5:30:13,http://weibo.com/5863013081/DEuIY75pK,4
401,400,瑜你相伴陪你前行,//@黄景瑜工作室2016: //@Johnny黄景瑜:,2016-07-12 20:47,2016/7/18 星期一 下午 5:30:13,http://weibo.com/5978967355/DEuSqEqq1,4
402,401,-白不白告不告,//@黄景瑜工作室2016: //@Johnny黄景瑜:,2016-07-12 20:41,2016/7/18 星期一 下午 5:30:13,http://weibo.com/2008470631/DEuQ4EY2d,4
403,402,男神神经兮兮吼, //@黄景瑜打投净化站: //@Johnny黄景瑜:,2016-07-12 20:36,2016/7/18 星期一 下午 5:32:50,http://weibo.com/5873863985/DEuO1kwKB,4
404,403,拉郎配你咬我啊, //@黄景瑜打投净化站: //@Johnny黄景瑜:,2016-07-12 23:41,2016/7/18 星期一 下午 5:32:50,http://weibo.com/5665805724/DEw1bx4xI,4
405,404,乐君白,//@黄景瑜打投净化站: //@Johnny黄景瑜:,2016-07-12 20:40,2016/7/18 星期一 下午 5:32:50,http://weibo.com/2702568921/DEuPzn72X,4
406,405,黄景瑜打投净化站-念瑜, //@黄景瑜打投净化站: //@Johnny黄景瑜:,2016-07-16 16:28,2016/7/18 星期一 下午 5:32:50,http://weibo.com/5882202661/DF4Ti3bBD,4
407,406,黄景瑜Wzz, //@黄景瑜打投净化站: //@Johnny黄景瑜:,2016-07-12 20:42,2016/7/18 星期一 下午 5:32:50,http://weibo.com/5312613707/DEuQu6R1j,4
408,407,线上-Liketi,,2016-07-12 21:34,2016/7/18 星期一 下午 5:32:50,http://weibo.com/5401499048/DEvbybLE5,4
409,408,黄景瑜打投净化站-何子, //@黄景瑜打投净化站: //@Johnny黄景瑜:,2016-07-14 00:57,2016/7/18 星期一 下午 5:32:50,http://weibo.com/1036541335/DEFWBsMkv,4
410,409,暖日央,//@黄景瑜打投净化站: //@Johnny黄景瑜:,2016-07-17 09:00,2016/7/18 星期一 下午 5:32:50,http://weibo.com/5776468846/DFbnXzyPV,4
411,410,正版黄景瑜,usu//@黄景瑜Wzz: //@黄景瑜打投净化站: //@Johnny黄景瑜:,2016-07-17 00:00,2016/7/18 星期一 下午 5:32:50,http://weibo.com/5905727121/DF7QYiJ7v,4
412,411,正版黄景瑜,usu//@黄景瑜Wzz: //@黄景瑜打投净化站: //@Johnny黄景瑜:,2016-07-17 00:00,2016/7/18 星期一 下午 5:32:50,http://weibo.com/5905727121/DF7QV6aR8,4
413,412,我想跟黄景瑜谈恋爱,//@我才不喜欢黄景瑜呢:#中国一点都不能少# 一点都不能少！  //@Johnny黄景瑜:,2016-07-15 06:02,2016/7/18 星期一 下午 5:35:48,http://weibo.com/3760011513/DERmOatdP,4
414,413,我想跟黄景瑜谈恋爱,//@我才不喜欢黄景瑜呢:#中国一点都不能少# 一点都不能少！  //@Johnny黄景瑜:,2016-07-18 17:30,2016/7/18 星期一 下午 5:35:48,http://weibo.com/3760011513/DFo9tbxWC,4
415,414,我想跟黄景瑜谈恋爱,//@我才不喜欢黄景瑜呢:#中国一点都不能少# 一点都不能少！  //@Johnny黄景瑜:,2016-07-18 12:20,2016/7/18 星期一 下午 5:35:48,http://weibo.com/3760011513/DFm7vjDro,4
416,415,我想跟黄景瑜谈恋爱,//@我才不喜欢黄景瑜呢:#中国一点都不能少# 一点都不能少！  //@Johnny黄景瑜:,2016-07-18 12:19,2016/7/18 星期一 下午 5:35:48,http://weibo.com/3760011513/DFm7tfpog,4
417,416,我想跟黄景瑜谈恋爱,//@我才不喜欢黄景瑜呢:#中国一点都不能少# 一点都不能少！  //@Johnny黄景瑜:,2016-07-17 00:18,2016/7/18 星期一 下午 5:35:48,http://weibo.com/3760011513/DF7Ye6sPt,4
418,417,我想跟黄景瑜谈恋爱,//@我才不喜欢黄景瑜呢:#中国一点都不能少# 一点都不能少！  //@Johnny黄景瑜:,2016-07-16 21:18,2016/7/18 星期一 下午 5:35:48,http://weibo.com/3760011513/DF6NdqiZm,4
419,418,我想跟黄景瑜谈恋爱,//@我才不喜欢黄景瑜呢:#中国一点都不能少# 一点都不能少！  //@Johnny黄景瑜:,2016-07-16 21:18,2016/7/18 星期一 下午 5:35:48,http://weibo.com/3760011513/DF6NbkNZx,4
420,419,我想跟黄景瑜谈恋爱,//@我才不喜欢黄景瑜呢:#中国一点都不能少# 一点都不能少！  //@Johnny黄景瑜:,2016-07-16 21:18,2016/7/18 星期一 下午 5:35:48,http://weibo.com/3760011513/DF6N9Bx9X,4
421,420,我想跟黄景瑜谈恋爱,//@我才不喜欢黄景瑜呢:#中国一点都不能少# 一点都不能少！  //@Johnny黄景瑜:,2016-07-16 21:18,2016/7/18 星期一 下午 5:35:48,http://weibo.com/3760011513/DF6N7wyr0,4
422,421,我想跟黄景瑜谈恋爱,//@我才不喜欢黄景瑜呢:#中国一点都不能少# 一点都不能少！  //@Johnny黄景瑜:,2016-07-16 21:18,2016/7/18 星期一 下午 5:35:48,http://weibo.com/3760011513/DF6N5rfjb,4
423,422,不备酒歌,来吧干活！//@不备酒歌:#黄景瑜# 爱国少年从来都是正能量满满@Johnny黄景瑜 //@Johnny黄景瑜:,2016-07-14 12:08,2016/7/18 星期一 下午 5:37:17,http://weibo.com/5848281379/DEKkYyYyc,4
424,423,空空的天空空,"我想找个海边城市定居，当然这个地方得在国内"//@不备酒歌-帅:#黄景瑜# 爱国少年从来都是正能量满满@Johnny黄景瑜 //@Johnny黄景瑜:,2016-07-12 21:45,2016/7/18 星期一 下午 5:37:17,http://weibo.com/2376009092/DEvg41CpA,4
425,424,你是木头1986,正能量偶像//@不备酒歌-帅:#黄景瑜# 爱国少年从来都是正能量满满@Johnny黄景瑜 //@Johnny黄景瑜:,2016-07-12 21:47,2016/7/18 星期一 下午 5:37:17,http://weibo.com/5894960362/DEvgVcukM,4
426,425,gigi-瑜, //@不备酒歌-帅:#黄景瑜# 爱国少年从来都是正能量满满@Johnny黄景瑜 //@Johnny黄景瑜:,2016-07-13 08:59,2016/7/18 星期一 下午 5:37:17,http://weibo.com/5239375919/DEzFK3RCu,4
427,426,liebe_ay,继续抡??上热转前排 //@不备酒歌-帅:大家辛苦一下，把他抡上前排//@不备酒歌-帅:继续抡！！！//@不备酒歌-帅:#黄景瑜# 爱国少年从来都是正能量满满@Johnny黄景瑜 //@Johnny黄景瑜:,2016-07-12 21:10,2016/7/18 星期一 下午 5:37:17,http://weibo.com/3192807870/DEv1Gcctn,4
428,427,瑜你相伴陪你前行,1//@不备酒歌-帅:#黄景瑜# 爱国少年从来都是正能量满满@Johnny黄景瑜 //@Johnny黄景瑜:,2016-07-12 20:50,2016/7/18 星期一 下午 5:37:17,http://weibo.com/5978967355/DEuTHwZex,4
429,428,身怀六甲黄太太,//@一匹女鬼: //@黄景瑜的小Billy://@不备酒歌-帅:#黄景瑜# 爱国少年从来都是正能量满满@Johnny黄景瑜 //@Johnny黄景瑜:,2016-07-12 21:02,2016/7/18 星期一 下午 5:37:17,http://weibo.com/3177492545/DEuYEg5sO,4
430,429,黄景瑜的小Billy,//@不备酒歌-帅:#黄景瑜# 爱国少年从来都是正能量满满@Johnny黄景瑜 //@Johnny黄景瑜:,2016-07-12 20:56,2016/7/18 星期一 下午 5:37:17,http://weibo.com/2299772155/DEuWfySTL,4
431,430,zuan门被黄鲸鱼sa子讹的DD, //@不备酒歌-帅:#黄景瑜# 爱国少年从来都是正能量满满@Johnny黄景瑜 //@Johnny黄景瑜:,2016-07-12 21:29,2016/7/18 星期一 下午 5:37:17,http://weibo.com/2567847711/DEv9v6TTP,4
432,431,聪明人太多fyc,属于我们的，谁也拿不走//@不备酒歌-帅:#黄景瑜# 爱国少年从来都是正能量满满@Johnny黄景瑜 //@Johnny黄景瑜:,2016-07-12 21:35,2016/7/18 星期一 下午 5:37:17,http://weibo.com/2695116434/DEvbNecjY,4
433,432,小西喜欢的样子你都有,这配图给满分 //@Johnny黄景瑜全球粉丝后援会:黄景瑜???查看图片 //@Johnny黄景瑜:,2016-07-12 20:58,2016/7/18 星期一 下午 5:38:24,http://weibo.com/2254646594/DEuWOtbj5,4
434,433,全球海底捞鱼粥后援会, //@Johnny黄景瑜全球粉丝后援会:黄景瑜???查看图片 //@Johnny黄景瑜:,2016-07-12 20:48,2016/7/18 星期一 下午 5:38:24,http://weibo.com/2922408043/DEuT4thZJ,4
435,434,sguie, //@碧玺_瑜:活久见，失踪人口、工作室、全球齐齐上线配图满分 //@Johnny黄景瑜全球粉丝后援会:黄景瑜???查看图片 //@Johnny黄景瑜:,2016-07-12 20:52,2016/7/18 星期一 下午 5:38:24,http://weibo.com/5748419698/DEuUH1NOw,4
436,435,碧玺_瑜,活久见，失踪人口、工作室、全球齐齐上线配图满分 //@Johnny黄景瑜全球粉丝后援会:黄景瑜???查看图片 //@Johnny黄景瑜:,2016-07-12 20:50,2016/7/18 星期一 下午 5:38:24,http://weibo.com/5706513426/DEuTRwojL,4
437,436,HJYTV_,配图满分！我的国家我捍卫！//@Johnny黄景瑜全球粉丝后援会:黄景瑜???查看图片 //@Johnny黄景瑜:,2016-07-12 21:37,2016/7/18 星期一 下午 5:38:24,http://weibo.com/2713720027/DEvcZ71wQ,4
438,437,冰冰汽水_905,永远爱自己的祖国//@Johnny黄景瑜全球粉丝后援会:黄景瑜???查看图片 //@Johnny黄景瑜:,2016-07-12 21:10,2016/7/18 星期一 下午 5:38:24,http://weibo.com/3172645934/DEv1LeFzB,4
439,438,黄景瑜Wzz, //@Johnny黄景瑜全球粉丝后援会:黄景瑜???查看图片 //@Johnny黄景瑜:,2016-07-12 20:51,2016/7/18 星期一 下午 5:38:24,http://weibo.com/5312613707/DEuU5bu8Q,4
440,439,身怀六甲黄太太,#中国一点都不能少#//@Johnny黄景瑜全球粉丝后援会:黄景瑜???查看图片 //@Johnny黄景瑜:,2016-07-12 20:52,2016/7/18 星期一 下午 5:38:24,http://weibo.com/3177492545/DEuUm3r6K,4
441,440,曲大猫BigCat, //@Johnny黄景瑜全球粉丝后援会:黄景瑜???查看图片 //@Johnny黄景瑜:,2016-07-12 21:29,2016/7/18 星期一 下午 5:38:24,http://weibo.com/1734988704/DEv9vltfs,4
442,441,尼玛这颗太san的小虎牙有毒, //@Johnny黄景瑜全球粉丝后援会:黄景瑜???查看图片 //@Johnny黄景瑜:,2016-07-12 20:50,2016/7/18 星期一 下午 5:38:24,http://weibo.com/5876005056/DEuTG4nyz,4
443,442,liebe_ay,继续抡@Johnny黄景瑜??//@liebe_ay: 我爱中国??中国一点都不能少//@Johnny黄景瑜:,2016-07-15 00:29,2016/7/18 星期一 下午 5:39:55,http://weibo.com/3192807870/DEPbM1crI,4
444,443,HJY-茜茜, //@liebe_ay: 我爱中国??中国一点都不能少//@Johnny黄景瑜:,2016-07-16 11:18,2016/7/18 星期一 下午 5:39:55,http://weibo.com/5943612013/DF2RBC21M,4
445,444,HJY-茜茜, //@liebe_ay: 我爱中国??中国一点都不能少//@Johnny黄景瑜:,2016-07-16 11:17,2016/7/18 星期一 下午 5:39:55,http://weibo.com/5943612013/DF2R6kare,4
446,445,黄景瑜的团团君,抡 //@黄景瑜的团团君: //@Johnny黄景瑜:,2016-07-12 20:47,2016/7/18 星期一 下午 5:41:25,http://weibo.com/5951418790/DEuSiEDLx,4
447,446,果果楠仔,我爱五星红旗//@黄景瑜的团团君: //@Johnny黄景瑜:,2016-07-12 20:31,2016/7/18 星期一 下午 5:41:25,http://weibo.com/3900112571/DEuM5mZCv,4
448,447,景瑜Su, //@黄景瑜的团团君: //@Johnny黄景瑜:,2016-07-12 23:01,2016/7/18 星期一 下午 5:41:25,http://weibo.com/5918024280/DEvKIx5Ic,4
449,448,身怀六甲黄太太,//@鲸鱼的竹林://@黄景瑜的团团君: //@Johnny黄景瑜:,2016-07-12 21:02,2016/7/18 星期一 下午 5:41:25,http://weibo.com/3177492545/DEuYI70aa,4
450,449,se-ki,//@黄景瑜的团团君: //@Johnny黄景瑜:,2016-07-12 22:15,2016/7/18 星期一 下午 5:41:25,http://weibo.com/1825472605/DEvs4jXxe,4
451,450,鲸鱼的竹林,//@黄景瑜的团团君: //@Johnny黄景瑜:,2016-07-12 21:02,2016/7/18 星期一 下午 5:41:25,http://weibo.com/5890194437/DEuYrgQiz,4
452,451,颜好即正义的大帅逼, //@黄景瑜的团团君: //@Johnny黄景瑜:,2016-07-12 20:59,2016/7/18 星期一 下午 5:41:25,http://weibo.com/2529747704/DEuXhsHAK,4
453,452,Johhny黄景喻,@Johnny黄景瑜 //@黄景瑜的团团君: //@Johnny黄景瑜:,2016-07-16 13:55,2016/7/18 星期一 下午 5:41:25,http://weibo.com/5622055921/DF3Tn2o3O,4
454,453,茉莉jasmine2005, //@黄景瑜的团团君: //@Johnny黄景瑜:,2016-07-16 12:07,2016/7/18 星期一 下午 5:41:25,http://weibo.com/2905567023/DF3bmqIkR,4
455,454,茉莉jasmine2005, //@黄景瑜的团团君: //@Johnny黄景瑜:,2016-07-16 12:07,2016/7/18 星期一 下午 5:41:25,http://weibo.com/2905567023/DF3bkEaV6,4
456,455,追瑜少女碰擦擦, //@A面B面-刘铮: //@Johnny黄景瑜:,2016-07-12 20:50,2016/7/18 星期一 下午 5:42:51,http://weibo.com/2518934373/DEuTTnmxR,4
457,456,曲大猫BigCat,#中国一点都不能少#??//@A面B面-刘铮: //@Johnny黄景瑜:,2016-07-12 21:19,2016/7/18 星期一 下午 5:42:51,http://weibo.com/1734988704/DEv5oBCA9,4
458,457,HJY_LISA, //@A面B面-刘铮: //@Johnny黄景瑜:,2016-07-12 20:20,2016/7/18 星期一 下午 5:42:51,http://weibo.com/5902323031/DEuHEcuYh,4
459,458,HJY-茜茜, //@A面B面-刘铮: //@Johnny黄景瑜:,2016-07-16 11:18,2016/7/18 星期一 下午 5:42:51,http://weibo.com/5943612013/DF2RGn7zg,4
460,459,HJY-茜茜, //@A面B面-刘铮: //@Johnny黄景瑜:,2016-07-16 11:17,2016/7/18 星期一 下午 5:42:51,http://weibo.com/5943612013/DF2RbnR27,4
461,460,拜YOU所赐,//@A面B面-刘铮: //@Johnny黄景瑜:,2016-07-15 11:24,2016/7/18 星期一 下午 5:42:51,http://weibo.com/2748667151/DETti93hX,4
462,461,HJY-茜茜, //@A面B面-刘铮: //@Johnny黄景瑜:,2016-07-15 10:14,2016/7/18 星期一 下午 5:42:51,http://weibo.com/5943612013/DET0UchLE,4
463,462,护鲸小妹,//@A面B面-刘铮: //@Johnny黄景瑜:,2016-07-15 06:45,2016/7/18 星期一 下午 5:42:51,http://weibo.com/5896130485/DERE5CDRJ,4
464,463,HJY-茜茜, //@A面B面-刘铮: //@Johnny黄景瑜:,2016-07-14 22:51,2016/7/18 星期一 下午 5:42:51,http://weibo.com/5943612013/DEOxN66lN,4
465,464,HJY-茜茜, //@A面B面-刘铮: //@Johnny黄景瑜:,2016-07-14 22:50,2016/7/18 星期一 下午 5:42:51,http://weibo.com/5943612013/DEOxBgreO,4
466,465,私炮坊隔壁的面粉厂,犯我中华者，虽远必诛 //@得舍王凯工作室:这才是中国#中国一点都不能少#//@王凯kkw:一点都不能少！,2016-07-12 21:53,2016/7/18 星期一 下午 5:44:03,http://weibo.com/5760384928/DEvjecQ3l,4
467,466,王凯kkw深圳影迷会,#中国一点都不能少#  //@得舍王凯工作室:这才是中国#中国一点都不能少#//@王凯kkw:一点都不能少！,2016-07-12 21:56,2016/7/18 星期一 下午 5:44:03,http://weibo.com/5845771680/DEvkubijS,4
468,467,若你要我肺,//@得舍王凯工作室:这才是中国#中国一点都不能少#//@王凯kkw:一点都不能少！,2016-07-12 22:11,2016/7/18 星期一 下午 5:44:03,http://weibo.com/5668017385/DEvqrzqhw,4
469,468,王凯的大宝宝,一点都不能少！//@得舍王凯工作室:这才是中国#中国一点都不能少#//@王凯kkw:一点都不能少！,2016-07-12 22:48,2016/7/18 星期一 下午 5:44:03,http://weibo.com/5780514232/DEvFvAhFY,4
470,469,户部尚书沈追,//@得舍王凯工作室:这才是中国#中国一点都不能少#//@王凯kkw:一点都不能少！,2016-07-12 22:37,2016/7/18 星期一 下午 5:44:03,http://weibo.com/3405864970/DEvBbjMvH,4
471,470,王凯全国后援会,#中国一点都不能少# 一点都不能少！我们寸土不让！犯我中华者，虽远必诛！//@得舍王凯工作室:这才是中国#中国一点都不能少#//@王凯kkw:一点都不能少！,2016-07-12 22:07,2016/7/18 星期一 下午 5:44:03,http://weibo.com/5738602314/DEvoViFYc,4
472,471,____凌薇,还差两千多就破4万了，一起为祖国加油好不好！//@得舍王凯工作室:这才是中国#中国一点都不能少#//@王凯kkw:一点都不能少！,2016-07-13 00:02,2016/7/18 星期一 下午 5:44:03,http://weibo.com/3284833660/DEw9GnkAz,4
473,472,英小六,#中国一点都不能少# 我爱的国家，我爱的人//@得舍王凯工作室:这才是中国#中国一点都不能少#//@王凯kkw:一点都不能少！,2016-07-12 22:34,2016/7/18 星期一 下午 5:44:03,http://weibo.com/5048936145/DEvA0C7N6,4
474,473,王凯浙江影迷会,#中国一点都不能少# #南海仲裁案# 中国南海，永远属于中国，中国很大，但是没有一点多余，中国一点都不能少。【犯我中华者，虽远必诛】 //@得舍王凯工作室:这才是中国#中国一点都不能少#//@王凯kkw:一点都不能少！,2016-07-12 22:05,2016/7/18 星期一 下午 5:44:03,http://weibo.com/5401154803/DEvoh5Bho,4
475,474,观众sk萧景璃,#中国一点都不能少#//@得舍王凯工作室:这才是中国#中国一点都不能少#//@王凯kkw:一点都不能少！,2016-07-12 21:58,2016/7/18 星期一 下午 5:44:03,http://weibo.com/3227376605/DEvlo0uIz,4
476,475,央视新闻, 【在土耳其中国公民记住这些电话号码】#土耳其发生政变#，目前土境内安全形势十分严峻复杂，中国驻土使领馆敦促在土中国公民及华人华侨停止外出，保持镇定，遇突发情况可拨打以下电话求助↓↓↓你在土耳其是否安全？用微博发出#我在土耳其我平安#报个平安，如遇困难请联系这些机构。扩散！ ,7月16日 07:41,2016/7/18 星期一 下午 8:52:25,http://weibo.com/2656274875/DF1ri8ydK,1
477,476,王尼玛,望平安,2016-07-16 18:42,2016/7/18 星期一 下午 9:00:33,http://weibo.com/2718604160/DF5LH4qJo,2
478,477,江宁公安在线,土耳其发生军事政变，在土中国公民请注意安全，不用发什么微博，给家人报平安然后牢记使领馆电话。,2016-07-16 08:07,2016/7/18 星期一 下午 9:01:08,http://weibo.com/1113218211/DF1Cab5F1,2
479,478,央视新闻,#土耳其发生政变#【中国驻土使领馆,2016-07-16 23:26,2016/7/18 星期一 下午 9:01:08,http://weibo.com/2656274875/DF7CXfR28,2
480,479,买买菌,扩散,2016-07-16 10:02,2016/7/18 星期一 下午 9:01:08,http://weibo.com/5098547539/DF2mP3yGO,2
481,480,真正男子汉,#真正男子汉# 身处异国，无论发生任何事，祖国永远是你坚强的后盾！,2016-07-16 10:18,2016/7/18 星期一 下午 9:01:08,http://weibo.com/5533570956/DF2t6xotD,2
482,481,Alex是大叔,转发微博,2016-07-16 17:20,2016/7/18 星期一 下午 9:01:08,http://weibo.com/1680990025/DF5ek420I,2
483,482,北京电影学院,愿世界和平,2016-07-16 11:44,2016/7/18 星期一 下午 9:01:08,http://weibo.com/1875379117/DF321hgcI,2
484,483,三联生活周刊,转发微博,2016-07-16 08:13,2016/7/18 星期一 下午 9:01:08,http://weibo.com/1191965271/DF1EhnYc4,2
485,484,hi小宝君,还好回来了，希望在土耳其的游客朋友注意安全！平安,2016-07-16 08:36,2016/7/18 星期一 下午 9:01:08,http://weibo.com/1810510770/DF1Nziwpo,2
486,485,中国共青团网,祖国永远是最强大的后盾,2016-07-16 08:03,2016/7/18 星期一 下午 9:01:08,http://weibo.com/2056394313/DF1AedNRy,2
487,486,吃蘿蔔的大總攻,//@王尼玛:望平安,2016-07-18 19:53,2016/7/18 星期一 下午 9:22:03,http://weibo.com/5485578936/DFp5IlhPw,3
488,487,昵称就那几个字儿,//@王尼玛:望平安,2016-07-18 19:00,2016/7/18 星期一 下午 9:22:16,http://weibo.com/2872169012/DFoKcveWJ,3
489,488,馨於儿,//@王尼玛:望平安,2016-07-18 18:48,2016/7/18 星期一 下午 9:22:16,http://weibo.com/3027450615/DFoF2t7Ab,3
490,489,前排的木头,//@王尼玛: 望平安,2016-07-18 17:23,2016/7/18 星期一 下午 9:22:16,http://weibo.com/5531825886/DFo6wdwsS,3
491,490,叫爸爸-Dad,//@王尼玛:望平安,2016-07-18 16:26,2016/7/18 星期一 下午 9:22:16,http://weibo.com/5672015441/DFnJyi890,3
492,491,-逆光飞行-,这两天怎么都这么高能//@曹操大叔:16年... //@江宁公安在线:土耳其发生军事政变，在土中国公民请注意安全，不用发什么微博，给家人报平安然后牢记使领馆电话。,2016-07-16 08:14,2016/7/18 星期一 下午 9:25:36,http://weibo.com/1890872744/DF1EU9vOB,3
493,492,Aki阿杰,//@游人甲://@閑閑散人沫無塵:海外同胞注意安全//@万事风过耳:……//@江宁公安在线:土耳其发生军事政变，在土中国公民请注意安全，不用发什么微博，给家人报平安然后牢记使领馆电话。,2016-07-16 08:15,2016/7/18 星期一 下午 9:25:36,http://weibo.com/1796659607/DF1Fq0baz,3
494,493,万事风过耳,……//@江宁公安在线:土耳其发生军事政变，在土中国公民请注意安全，不用发什么微博，给家人报平安然后牢记使领馆电话。,2016-07-16 08:08,2016/7/18 星期一 下午 9:25:36,http://weibo.com/1827165291/DF1CirBOc,3
495,494,菏泽中院,//@江宁公安在线:土耳其发生军事政变，在土中国公民请注意安全，不用发什么微博，给家人报平安然后牢记使领馆电话。,2016-07-16 08:17,2016/7/18 星期一 下午 9:25:36,http://weibo.com/2156372723/DF1GcrKGW,3
496,495,真珠美人魚V,国家安定是多么的重要啊，希望同胞们都平安//@江宁公安在线:土耳其发生军事政变，在土中国公民请注意安全，不用发什么微博，给家人报平安然后牢记使领馆电话。,2016-07-16 08:21,2016/7/18 星期一 下午 9:25:36,http://weibo.com/1731215481/DF1HxtUGj,3
497,496,记录时间流逝,//@真正男子汉: #真正男子汉# 身处异国，无论发生任何事，祖国永远是你坚强的后盾！,2016-07-17 18:26,2016/7/18 星期一 下午 9:29:43,http://weibo.com/2691321762/DFf5Ef2PE,3
498,497,KyuMinV86,//@SJOY13:望平安//@真正男子汉:#真正男子汉# 身处异国，无论发生任何事，祖国永远是你坚强的后盾！,2016-07-17 07:23,2016/7/18 星期一 下午 9:29:43,http://weibo.com/5091406680/DFaKukMQ0,3
499,498,脚滑的木偶,//@真正男子汉: #真正男子汉# 身处异国，无论发生任何事，祖国永远是你坚强的后盾！,2016-07-16 23:40,2016/7/18 星期一 下午 9:29:43,http://weibo.com/1912717900/DF7Ix3XTe,3
500,499,孤胆侠客007,//@真正男子汉:#真正男子汉# 身处异国，无论发生任何事，祖国永远是你坚强的后盾！,2016-07-16 21:58,2016/7/18 星期一 下午 9:29:43,http://weibo.com/1772252633/DF738odwc,3
501,500,武动心弦mmc, //@真正男子汉:#真正男子汉# 身处异国，无论发生任何事，祖国永远是你坚强的后盾！,2016-07-16 21:03,2016/7/18 星期一 下午 9:29:43,http://weibo.com/5507660838/DF6H3o2tA,3
502,501,央视新闻, #关注强降雨#【#微镜头#：一组让人心疼的照片】7月13日晚，湖北鄂州市长港镇车湾港闸州段发生管涌、漫堤险情，出现20米溃口。经过武警鄂州支队和武警128师派出700余名官兵连夜奋战，险情得以控制。14日中午，高温天气下，疲惫的武警官兵席地而睡…哪里有危险，哪里就有他们！传递！致敬！@军报记者 ,7月16日 15:29,2016/7/19 星期二 上午 9:43:57,http://weibo.com/2656274875/DF4vkAhfB,1
503,502,央视新闻,【网友,2016-07-16 23:15,2016/7/19 星期二 上午 9:44:21,http://weibo.com/2656274875/DF7yAhlj4,2
504,503,法语学习,同样的年纪，不一样的青春！！,2016-07-17 10:27,2016/7/19 星期二 上午 9:44:21,http://weibo.com/2280858675/DFbXtiQBe,2
505,504,宿州公安在线,心疼,2016-07-16 15:38,2016/7/19 星期二 上午 9:44:21,http://weibo.com/2035250370/DF4yZinSE,2
506,505,济南交警,致敬！,2016-07-16 16:44,2016/7/19 星期二 上午 9:44:21,http://weibo.com/2937210565/DF4ZFo9Gj,2
507,506,青岛文明网,致敬！,2016-07-16 16:34,2016/7/19 星期二 上午 9:44:21,http://weibo.com/3195647907/DF4VMjtoO,2
508,507,北大芳秀-倦倦倦,转发微博,2016-07-17 21:07,2016/7/19 星期二 上午 9:44:21,http://weibo.com/2779279287/DFg980APJ,2
509,508,灵璧县杨疃派出所,//@宿州灵璧公安在线://@宿州公安在线:心疼,2016-07-19 09:36,2016/7/19 星期二 上午 9:44:21,http://weibo.com/5583935406/DFutI9qIu,2
510,509,一个人自娱自乐的世界,//@央视新闻:【网友,2016-07-19 09:36,2016/7/19 星期二 上午 9:44:21,http://weibo.com/3148760673/DFutpxY8M,2
511,510,文明传播小卫士,//@青岛文明网: 致敬！,2016-07-19 09:08,2016/7/19 星期二 上午 9:44:21,http://weibo.com/5617136354/DFuif9Yv3,2
512,511,哎呀小可爱2001,好心疼！致敬！！,2016-07-19 08:57,2016/7/19 星期二 上午 9:44:21,http://weibo.com/5979582811/DFudTo6fM,2
513,512,一脸懵比样, //@热闹地孤独:保重，抽空休息好！//@央视新闻:【网友,2016-07-16 23:43,2016/7/19 星期二 上午 9:47:24,http://weibo.com/2726990631/DF7JOs4ZK,3
514,513,热闹地孤独,保重，抽空休息好！//@央视新闻:【网友,2016-07-16 23:37,2016/7/19 星期二 上午 9:47:24,http://weibo.com/1211568897/DF7Hl9ave,3
515,514,山风云岚,? //@ododo_jc://@央视新闻:【网友,2016-07-17 03:07,2016/7/19 星期二 上午 9:47:24,http://weibo.com/3269593621/DF94A0JJY,3
516,515,番茄兔tomato,心疼… //@今年不氪金的叶小落:心疼@山风云岚:? //@ododo_jc://@央视新闻:【网友,2016-07-17 07:09,2016/7/19 星期二 上午 9:47:24,http://weibo.com/2209725810/DFaEUkKP6,3
517,516,Fox小团,? //@JPLUSUNISS://@maxli晴天://@央视新闻: 【网友,2016-07-16 23:31,2016/7/19 星期二 上午 9:47:24,http://weibo.com/1770917702/DF7ES5foP,3
518,517,我是围脖控,//@法语学习:同样的年纪，不一样的青春！！,2016-07-17 23:26,2016/7/19 星期二 上午 9:48:47,http://weibo.com/3764843235/DFh3Htl42,3
519,518,马萨吉1111,//@法语学习:同样的年纪，不一样的青春！！,2016-07-17 18:07,2016/7/19 星期二 上午 9:48:47,http://weibo.com/3979717612/DFeY2kcu3,3
520,519,yui沁,//@法语学习:同样的年纪，不一样的青春！！,2016-07-17 15:18,2016/7/19 星期二 上午 9:48:47,http://weibo.com/1949734840/DFdRhk4f4,3
521,520,我的小名不叫萌萌,快去保卫你的家乡@夜半请私语,2016-07-17 14:39,2016/7/19 星期二 上午 9:48:47,http://weibo.com/5642282824/DFdBziuT1,3
522,521,手剥巴旦木,//@法语学习:同样的年纪，不一样的青春！！,2016-07-17 14:03,2016/7/19 星期二 上午 9:48:47,http://weibo.com/1994761143/DFdn8y8S2,3
523,522,灵璧县杨疃派出所,//@宿州灵璧公安在线://@宿州公安在线:心疼,2016-07-19 09:36,2016/7/19 星期二 上午 9:49:34,http://weibo.com/5583935406/DFutI9qIu,3
524,523,灵璧看守所在线,//@宿州灵璧公安在线://@宿州公安在线:心疼,2016-07-19 00:05,2016/7/19 星期二 上午 9:49:34,http://weibo.com/5665143988/DFqJWofz5,3
525,524,灵璧县朱集派出所,//@宿州灵璧公安在线://@宿州公安在线:心疼,2016-07-18 21:22,2016/7/19 星期二 上午 9:49:34,http://weibo.com/5650003410/DFpFMBCHm,3
526,525,灵璧县尤集派出所, //@宿州灵璧公安在线://@宿州公安在线:心疼,2016-07-18 10:41,2016/7/19 星期二 上午 9:49:34,http://weibo.com/5600673710/DFltlcZfd,3
527,526,灵璧渔沟奇石,//@宿州灵璧公安在线://@宿州公安在线:心疼,2016-07-18 00:20,2016/7/19 星期二 上午 9:49:34,http://weibo.com/5713101370/DFhpBxiKq,3
528,527,-乱战-,可敬的人 //@济南交警:致敬！,2016-07-16 23:30,2016/7/19 星期二 上午 9:50:43,http://weibo.com/1843633521/DF7EF3C0R,3
529,528,每一个阳光灿烂的日子,//@快乐di熊:致敬??//@济南交警:致敬！,2016-07-16 23:18,2016/7/19 星期二 上午 9:50:43,http://weibo.com/1757999621/DF7zzrTlo,3
530,529,jsx难以忘记初次见你, //@济南交警:致敬！,2016-07-16 22:22,2016/7/19 星期二 上午 9:50:43,http://weibo.com/3812243911/DF7d568m3,3
531,530,超琳的世界,//@济南交警:致敬！,2016-07-16 21:58,2016/7/19 星期二 上午 9:50:43,http://weibo.com/2056124401/DF738BAAM,3
532,531,烤肠你要吗,//@济南交警: 致敬！,2016-07-16 21:49,2016/7/19 星期二 上午 9:50:43,http://weibo.com/5517244766/DF6ZP0BLZ,3
533,532,文明传播小卫士,//@青岛文明网: 致敬！,2016-07-19 09:08,2016/7/19 星期二 上午 9:54:14,http://weibo.com/5617136354/DFuif9Yv3,3
534,533,七月玫瑰心_96907,//@青岛文明网:致敬！,2016-07-18 11:02,2016/7/19 星期二 上午 9:54:14,http://weibo.com/1913594524/DFlCapKeB,3
535,534,qdzyb01,//@青岛文明网: 致敬！,2016-07-18 09:55,2016/7/19 星期二 上午 9:54:14,http://weibo.com/3540345840/DFlaJxyLb,3
536,535,jnraining,//@生活的一xiao角://@青岛文明网:致敬！,2016-07-18 07:58,2016/7/19 星期二 上午 9:54:14,http://weibo.com/3230385503/DFkpfi2KQ,3
537,536,生活的一xiao角,//@青岛文明网:致敬！,2016-07-18 07:56,2016/7/19 星期二 上午 9:54:14,http://weibo.com/3224915100/DFkoooCfr,3
538,537,小-5-玩子,//@仲夏逝雪玉成烟://@素还真的裤腰带_一言不发就掉粉: //@北大芳秀-倦倦倦:转发微博,2016-07-19 07:48,2016/7/19 星期二 上午 9:56:02,http://weibo.com/2128334963/DFtLSciyG,3
539,538,苏小李子,//@素还真的裤腰带_一言不发就掉粉: //@北大芳秀-倦倦倦:转发微博,2016-07-18 12:57,2016/7/19 星期二 上午 9:56:02,http://weibo.com/2464294480/DFmmyqOE4,3
540,539,七月夕羽,转发微博,2016-07-18 09:30,2016/7/19 星期二 上午 9:56:02,http://weibo.com/5555304238/DFl0JBDrR,3
541,540,拾豆豆的妞妞,//@素还真的裤腰带_一言不发就掉粉: //@北大芳秀-倦倦倦:转发微博,2016-07-18 01:30,2016/7/19 星期二 上午 9:56:02,http://weibo.com/2802022181/DFhRIopGG,3
542,541,艾斯黛烟,//@素还真的裤腰带_一言不发就掉粉://@北大芳秀-倦倦倦:转发微博,2016-07-17 22:05,2016/7/19 星期二 上午 9:56:02,http://weibo.com/5448043795/DFgwF9FqC,3
543,542,赫家有海--晴天,//@年度最佳龙骑士: //@一脸懵比样: //@热闹地孤独:保重，抽空休息好！//@央视新闻:【网友,2016-07-18 08:09,2016/7/19 星期二 上午 10:02:29,http://weibo.com/3079545520/DFktEmi6s,4
544,543,权老公_,最可爱的人 //@热闹地孤独:保重，抽空休息好！//@央视新闻:【网友,2016-07-17 15:33,2016/7/19 星期二 上午 10:02:29,http://weibo.com/5283757693/DFdXyq56X,4
545,544,独醉笑清风235,辛苦了//@权馨权翼:最可爱的人 //@热闹地孤独:保重，抽空休息好！//@央视新闻:【网友,2016-07-17 13:51,2016/7/19 星期二 上午 10:02:29,http://weibo.com/5697625318/DFdibz4WQ,4
546,545,志龙大人的喵,//@权馨权翼:最可爱的人 //@热闹地孤独:保重，抽空休息好！//@央视新闻:【网友,2016-07-17 13:36,2016/7/19 星期二 上午 10:02:29,http://weibo.com/5666382230/DFdc80CSb,4
547,546,权馨权翼,最可爱的人 //@热闹地孤独:保重，抽空休息好！//@央视新闻:【网友,2016-07-17 13:34,2016/7/19 星期二 上午 10:02:29,http://weibo.com/3922164752/DFdbc7PwB,4
548,547,好汉请留步艹,//@番茄兔tomato:心疼… //@今年不氪金的叶小落:心疼@山风云岚:? //@ododo_jc://@央视新闻:【网友,2016-07-18 07:39,2016/7/19 星期二 上午 10:03:35,http://weibo.com/5252200298/DFkhtmOlZ,4
549,548,Lady菲__挚爱大秦一生,辛苦了//@今年不氪金的叶小落:心疼 //@ododo_jc://@央视新闻:【网友,2016-07-18 02:01,2016/7/19 星期二 上午 10:03:35,http://weibo.com/1955174723/DFi4hC8If,4
550,549,穿旗袍的段段,//@央视新闻:【网友,2016-07-17 19:15,2016/7/19 星期二 上午 10:03:35,http://weibo.com/2002371003/DFfpPm5St,4
551,550,无心恋狐,//@晚叔_://://@山风云岚:? //@ododo_jc://@央视新闻:【网友,2016-07-17 18:54,2016/7/19 星期二 上午 10:03:35,http://weibo.com/1833298630/DFfhbEpJR,4
552,551,以加入KFC豪华午餐的紫薇尊上,//@番茄兔tomato:心疼… //@今年不氪金的叶小落:心疼@山风云岚:? //@ododo_jc://@央视新闻:【网友,2016-07-17 16:47,2016/7/19 星期二 上午 10:03:35,http://weibo.com/1289441453/DFerFmhy6,4
553,552,好汉请留步艹,//@番茄兔tomato:心疼… //@今年不氪金的叶小落:心疼@山风云岚:? //@ododo_jc://@央视新闻:【网友,2016-07-18 07:39,2016/7/19 星期二 上午 10:04:43,http://weibo.com/5252200298/DFkhtmOlZ,4
554,553,以加入KFC豪华午餐的紫薇尊上,//@番茄兔tomato:心疼… //@今年不氪金的叶小落:心疼@山风云岚:? //@ododo_jc://@央视新闻:【网友,2016-07-17 16:47,2016/7/19 星期二 上午 10:04:43,http://weibo.com/1289441453/DFerFmhy6,4
555,554,星影袭墨砚,//@CT羊的记忆缺失严重_CTLL://@番茄兔tomato:心疼… //@今年不氪金的叶小落:心疼//@央视新闻:【网友,2016-07-17 15:51,2016/7/19 星期二 上午 10:04:43,http://weibo.com/1767480725/DFe4Eb4lj,4
556,555,荼茶茶茶w,//@寸蒲为薄: //@番茄兔tomato:心疼… //@今年不氪金的叶小落:心疼@山风云岚:? //@ododo_jc://@央视新闻:【网友,2016-07-17 12:00,2016/7/19 星期二 上午 10:04:43,http://weibo.com/5883442820/DFcyU7lei,4
557,556,玄不救非__, //@番茄兔tomato:心疼… //@今年不氪金的叶小落:心疼@山风云岚:? //@不二木二,2016-07-17 10:57,2016/7/19 星期二 上午 10:04:43,http://weibo.com/1899834593/DFc9n9f2J,4
558,557,小伍毛毛,//@AlgiebaNANA://@Fox小团:? //@maxli晴天://@央视新闻: 网友,2016-07-18 13:41,2016/7/19 星期二 上午 10:05:49,http://weibo.com/5404701173/DFmEplRXc,4
559,558,阿威啊跟咱不是一路人,//@萌芽开花舞爪张牙://@Fox小团:? ////@央视新闻: 【网友,2016-07-17 11:53,2016/7/19 星期二 上午 10:05:49,http://weibo.com/5790388233/DFcw92kfU,4
560,559,WS七彩毛毛虫,//@央视新闻: 【网友,2016-07-17 11:38,2016/7/19 星期二 上午 10:05:49,http://weibo.com/2726421217/DFcpYCWt8,4
561,560,手链,最可爱的人，真是辛苦了。//@萌芽开花舞爪张牙://@央视新闻: 【网友,2016-07-17 11:22,2016/7/19 星期二 上午 10:05:49,http://weibo.com/1407177334/DFcjI3Gu9,4
562,561,等待你实现的诺言,//@Fox小团:? //@JPLUSUNISS://@maxli晴天://@央视新闻: 【网友,2016-07-17 11:11,2016/7/19 星期二 上午 10:05:49,http://weibo.com/3272106273/DFcff9X9P,4
563,562,jnraining,//@生活的一xiao角://@青岛文明网:致敬！,2016-07-18 07:58,2016/7/19 星期二 上午 10:52:08,http://weibo.com/3230385503/DFkpfi2KQ,4
